-- Teams data
INSERT INTO "Teams" ("TeamID", "TeamName") VALUES (1, '조립 전기라인');
INSERT INTO "Teams" ("TeamID", "TeamName") VALUES (2, '제관라인');
INSERT INTO "Teams" ("TeamID", "TeamName") VALUES (3, '가공라인');
INSERT INTO "Teams" ("TeamID", "TeamName") VALUES (4, '연구소');
INSERT INTO "Teams" ("TeamID", "TeamName") VALUES (5, '지재/부품/출하');
INSERT INTO "Teams" ("TeamID", "TeamName") VALUES (6, '서비스');
INSERT INTO "Teams" ("TeamID", "TeamName") VALUES (7, '품질');
INSERT INTO "Teams" ("TeamID", "TeamName") VALUES (8, '인사총무팀');
INSERT INTO "Teams" ("TeamID", "TeamName") VALUES (9, '생산기술팀');

-- ChecklistTemplates data
INSERT INTO "ChecklistTemplates" ("TemplateID", "TemplateName", "TeamID") VALUES (1, '조립 전기라인 일일 안전점검', 1);
INSERT INTO "ChecklistTemplates" ("TemplateID", "TemplateName", "TeamID") VALUES (2, '제관라인 일일 안전점검', 2);
INSERT INTO "ChecklistTemplates" ("TemplateID", "TemplateName", "TeamID") VALUES (3, '가공라인 일일 안전점검', 3);
INSERT INTO "ChecklistTemplates" ("TemplateID", "TemplateName", "TeamID") VALUES (4, '연구소 일일 안전점검', 4);
INSERT INTO "ChecklistTemplates" ("TemplateID", "TemplateName", "TeamID") VALUES (5, '지재/부품/출하 일일 안전점검', 5);
INSERT INTO "ChecklistTemplates" ("TemplateID", "TemplateName", "TeamID") VALUES (6, '서비스 일일 안전점검', 6);
INSERT INTO "ChecklistTemplates" ("TemplateID", "TemplateName", "TeamID") VALUES (7, '품질 일일 안전점검', 7);
INSERT INTO "ChecklistTemplates" ("TemplateID", "TemplateName", "TeamID") VALUES (8, '인사총무팀 일일 안전점검', 8);
INSERT INTO "ChecklistTemplates" ("TemplateID", "TemplateName", "TeamID") VALUES (9, '생산기술팀 일일 안전점검', 9);

-- TemplateItems data
INSERT INTO "TemplateItems" ("ItemID", "TemplateID", "Category", "SubCategory", "Description", "DisplayOrder") VALUES (1, 1, 'TBM 점검', '도입', '아침 체조 스트레칭', 10);
INSERT INTO "TemplateItems" ("ItemID", "TemplateID", "Category", "SubCategory", "Description", "DisplayOrder") VALUES (2, 1, 'TBM 점검', '건강/복장/보호구', '음주상태', 20);
INSERT INTO "TemplateItems" ("ItemID", "TemplateID", "Category", "SubCategory", "Description", "DisplayOrder") VALUES (3, 1, 'TBM 점검', '건강/복장/보호구', '건강상태', 30);
INSERT INTO "TemplateItems" ("ItemID", "TemplateID", "Category", "SubCategory", "Description", "DisplayOrder") VALUES (4, 1, 'TBM 점검', '건강/복장/보호구', '복장', 40);
INSERT INTO "TemplateItems" ("ItemID", "TemplateID", "Category", "SubCategory", "Description", "DisplayOrder") VALUES (5, 1, 'TBM 점검', '건강/복장/보호구', '보호구', 50);
INSERT INTO "TemplateItems" ("ItemID", "TemplateID", "Category", "SubCategory", "Description", "DisplayOrder") VALUES (6, 1, 'TBM 점검', '지시', '생산회의', 60);
INSERT INTO "TemplateItems" ("ItemID", "TemplateID", "Category", "SubCategory", "Description", "DisplayOrder") VALUES (7, 1, 'TBM 점검', '지시', '금일 안전작업 내용지시', 70);
INSERT INTO "TemplateItems" ("ItemID", "TemplateID", "Category", "SubCategory", "Description", "DisplayOrder") VALUES (8, 1, '위험 평가 및 개선 대책', '위험예지훈련', '각 팀원 최근 아차사고 사례 공유', 80);
INSERT INTO "TemplateItems" ("ItemID", "TemplateID", "Category", "SubCategory", "Description", "DisplayOrder") VALUES (9, 1, '위험 평가 및 개선 대책', '위험예지훈련', '작업장소 등 환경에 대한 위험', 90);
INSERT INTO "TemplateItems" ("ItemID", "TemplateID", "Category", "SubCategory", "Description", "DisplayOrder") VALUES (10, 1, '위험 평가 및 개선 대책', '위험예지훈련', '입고, 출고, 조립, 가공 등 공정 순서(작업방법)에 대한 위험', 100);
INSERT INTO "TemplateItems" ("ItemID", "TemplateID", "Category", "SubCategory", "Description", "DisplayOrder") VALUES (11, 1, '위험 평가 및 개선 대책', '위험예지훈련', '크레인, 리프트, 지게차 등 설비에 대한 위험', 110);
INSERT INTO "TemplateItems" ("ItemID", "TemplateID", "Category", "SubCategory", "Description", "DisplayOrder") VALUES (12, 1, '위험 평가 및 개선 대책', '위험예지훈련', '작업장 개구부, 고소작업 등에 대한 위험', 120);
INSERT INTO "TemplateItems" ("ItemID", "TemplateID", "Category", "SubCategory", "Description", "DisplayOrder") VALUES (13, 1, '위험 평가 및 개선 대책', '위험예지훈련', '그라인더, 인양달기구 등 사용하는 기구,도구에 대한 위험', 130);
INSERT INTO "TemplateItems" ("ItemID", "TemplateID", "Category", "SubCategory", "Description", "DisplayOrder") VALUES (14, 1, '확인', '지적확인', '중점 위험요인 선정 구호 제창 (중점도 높은 사항으로 선정)', 140);
INSERT INTO "TemplateItems" ("ItemID", "TemplateID", "Category", "SubCategory", "Description", "DisplayOrder") VALUES (15, 1, '관리 감독자 일일 안전 점검', '공통', '설비, 기계, 기구 등 점검 후 조치', 150);
INSERT INTO "TemplateItems" ("ItemID", "TemplateID", "Category", "SubCategory", "Description", "DisplayOrder") VALUES (16, 1, '관리 감독자 일일 안전 점검', '공통', '각 종 기계기구의 이상 유무', 160);
INSERT INTO "TemplateItems" ("ItemID", "TemplateID", "Category", "SubCategory", "Description", "DisplayOrder") VALUES (17, 1, '관리 감독자 일일 안전 점검', '공통', '작업장 정리정돈, 통로확보 개구부 확인 점검결과', 170);
INSERT INTO "TemplateItems" ("ItemID", "TemplateID", "Category", "SubCategory", "Description", "DisplayOrder") VALUES (18, 1, '관리 감독자 일일 안전 점검', '중량물취급작업 크레인', '올바른 자세, 복장 및 보호구착용 여부', 180);
INSERT INTO "TemplateItems" ("ItemID", "TemplateID", "Category", "SubCategory", "Description", "DisplayOrder") VALUES (19, 1, '관리 감독자 일일 안전 점검', '중량물취급작업 크레인', '주행로 상측 및 트롤리가 횡행하는 레일, 와이어 통하는 곳의 상태', 190);
INSERT INTO "TemplateItems" ("ItemID", "TemplateID", "Category", "SubCategory", "Description", "DisplayOrder") VALUES (20, 1, '관리 감독자 일일 안전 점검', '중량물취급작업 크레인', '권과방지장치ㆍ브레이크ㆍ클러치 및 운전장치의 기능', 200);
INSERT INTO "TemplateItems" ("ItemID", "TemplateID", "Category", "SubCategory", "Description", "DisplayOrder") VALUES (21, 1, '관리 감독자 일일 안전 점검', '중량물취급작업 크레인', '슬링, 와이어로프등의 이상 유무 및 매달린 상태', 210);
INSERT INTO "TemplateItems" ("ItemID", "TemplateID", "Category", "SubCategory", "Description", "DisplayOrder") VALUES (22, 1, '관리 감독자 일일 안전 점검', '중량물취급작업 크레인', '인양물 하부 작업 여부', 220);
INSERT INTO "TemplateItems" ("ItemID", "TemplateID", "Category", "SubCategory", "Description", "DisplayOrder") VALUES (23, 1, '관리 감독자 일일 안전 점검', '지게차 하역운반기계', '안전벨트 착용 상태 및 작업장내 과속, 급선회, 급출발 등 이상유무', 230);
INSERT INTO "TemplateItems" ("ItemID", "TemplateID", "Category", "SubCategory", "Description", "DisplayOrder") VALUES (24, 1, '관리 감독자 일일 안전 점검', '지게차 하역운반기계', '제동장치 및 조종장치, 하역장치 및 유압장치 기능의 이상유무', 240);
INSERT INTO "TemplateItems" ("ItemID", "TemplateID", "Category", "SubCategory", "Description", "DisplayOrder") VALUES (25, 1, '관리 감독자 일일 안전 점검', '지게차 하역운반기계', '전조등ㆍ후미등ㆍ방향지시기 및 경보장치, 바퀴 기능의 이상유무', 250);
INSERT INTO "TemplateItems" ("ItemID", "TemplateID", "Category", "SubCategory", "Description", "DisplayOrder") VALUES (26, 1, '관리 감독자 일일 안전 점검', '위험작업조치', '고소작업시 안전모 착용, 안전고리 체결 유무', 260);
INSERT INTO "TemplateItems" ("ItemID", "TemplateID", "Category", "SubCategory", "Description", "DisplayOrder") VALUES (27, 1, '관리 감독자 일일 안전 점검', '위험작업조치', '용접,용단,연마 , 절단작업시 소화기구, 비산 방지, 환기 조치여부', 270);
INSERT INTO "TemplateItems" ("ItemID", "TemplateID", "Category", "SubCategory", "Description", "DisplayOrder") VALUES (28, 1, '관리 감독자 일일 안전 점검', '위험작업조치', '통전 전류, 접지 상태, 가스, 유해물질 등 작업환경 점검', 280);
INSERT INTO "TemplateItems" ("ItemID", "TemplateID", "Category", "SubCategory", "Description", "DisplayOrder") VALUES (29, 1, '인원관리', '시작/종료', '작업시작 및 종료 시, 담당직원의 투입 시/퇴장 시 인원 점검', 290);
INSERT INTO "TemplateItems" ("ItemID", "TemplateID", "Category", "SubCategory", "Description", "DisplayOrder") VALUES (30, 2, 'TBM 점검', '도입', '아침 체조 스트레칭', 10);
INSERT INTO "TemplateItems" ("ItemID", "TemplateID", "Category", "SubCategory", "Description", "DisplayOrder") VALUES (31, 2, 'TBM 점검', '건강/복장/보호구', '음주상태', 20);
INSERT INTO "TemplateItems" ("ItemID", "TemplateID", "Category", "SubCategory", "Description", "DisplayOrder") VALUES (32, 2, 'TBM 점검', '건강/복장/보호구', '건강상태', 30);
INSERT INTO "TemplateItems" ("ItemID", "TemplateID", "Category", "SubCategory", "Description", "DisplayOrder") VALUES (33, 2, 'TBM 점검', '건강/복장/보호구', '복장', 40);
INSERT INTO "TemplateItems" ("ItemID", "TemplateID", "Category", "SubCategory", "Description", "DisplayOrder") VALUES (34, 2, 'TBM 점검', '건강/복장/보호구', '보호구', 50);
INSERT INTO "TemplateItems" ("ItemID", "TemplateID", "Category", "SubCategory", "Description", "DisplayOrder") VALUES (35, 2, 'TBM 점검', '지시', '생산회의', 60);
INSERT INTO "TemplateItems" ("ItemID", "TemplateID", "Category", "SubCategory", "Description", "DisplayOrder") VALUES (36, 2, 'TBM 점검', '지시', '금일 안전작업 내용지시', 70);
INSERT INTO "TemplateItems" ("ItemID", "TemplateID", "Category", "SubCategory", "Description", "DisplayOrder") VALUES (37, 2, '위험 평가 및 개선 대책', '위험예지훈련', '각 팀원 최근 아차사고 사례 공유', 80);
INSERT INTO "TemplateItems" ("ItemID", "TemplateID", "Category", "SubCategory", "Description", "DisplayOrder") VALUES (38, 2, '위험 평가 및 개선 대책', '위험예지훈련', '작업장소 등 환경에 대한 위험', 90);
INSERT INTO "TemplateItems" ("ItemID", "TemplateID", "Category", "SubCategory", "Description", "DisplayOrder") VALUES (39, 2, '위험 평가 및 개선 대책', '위험예지훈련', '입고, 출고, 조립, 가공 등 공정 순서(작업방법)에 대한 위험', 100);
INSERT INTO "TemplateItems" ("ItemID", "TemplateID", "Category", "SubCategory", "Description", "DisplayOrder") VALUES (40, 2, '위험 평가 및 개선 대책', '위험예지훈련', '크레인, 리프트, 지게차 등 설비에 대한 위험', 110);
INSERT INTO "TemplateItems" ("ItemID", "TemplateID", "Category", "SubCategory", "Description", "DisplayOrder") VALUES (41, 2, '위험 평가 및 개선 대책', '위험예지훈련', '작업장 개구부, 고소작업 등에 대한 위험', 120);
INSERT INTO "TemplateItems" ("ItemID", "TemplateID", "Category", "SubCategory", "Description", "DisplayOrder") VALUES (42, 2, '위험 평가 및 개선 대책', '위험예지훈련', '그라인더, 인양달기구 등 사용하는 기구,도구에 대한 위험', 130);
INSERT INTO "TemplateItems" ("ItemID", "TemplateID", "Category", "SubCategory", "Description", "DisplayOrder") VALUES (43, 2, '확인', '지적확인', '중점 위험요인 선정 구호 제창 (중점도 높은 사항으로 선정)', 140);
INSERT INTO "TemplateItems" ("ItemID", "TemplateID", "Category", "SubCategory", "Description", "DisplayOrder") VALUES (44, 2, '관리 감독자 일일 안전 점검', '공통', '설비, 기계, 기구 등 점검 후 조치', 150);
INSERT INTO "TemplateItems" ("ItemID", "TemplateID", "Category", "SubCategory", "Description", "DisplayOrder") VALUES (45, 2, '관리 감독자 일일 안전 점검', '공통', '각 종 기계기구의 이상 유무', 160);
INSERT INTO "TemplateItems" ("ItemID", "TemplateID", "Category", "SubCategory", "Description", "DisplayOrder") VALUES (46, 2, '관리 감독자 일일 안전 점검', '공통', '작업장 정리정돈, 통로확보 개구부 확인 점검결과', 170);
INSERT INTO "TemplateItems" ("ItemID", "TemplateID", "Category", "SubCategory", "Description", "DisplayOrder") VALUES (47, 2, '관리 감독자 일일 안전 점검', '중량물취급작업 크레인', '올바른 자세, 복장 및 보호구착용 여부', 180);
INSERT INTO "TemplateItems" ("ItemID", "TemplateID", "Category", "SubCategory", "Description", "DisplayOrder") VALUES (48, 2, '관리 감독자 일일 안전 점검', '중량물취급작업 크레인', '주행로 상측 및 트롤리가 횡행하는 레일, 와이어 통하는 곳의 상태', 190);
INSERT INTO "TemplateItems" ("ItemID", "TemplateID", "Category", "SubCategory", "Description", "DisplayOrder") VALUES (49, 2, '관리 감독자 일일 안전 점검', '중량물취급작업 크레인', '권과방지장치ㆍ브레이크ㆍ클러치 및 운전장치의 기능', 200);
INSERT INTO "TemplateItems" ("ItemID", "TemplateID", "Category", "SubCategory", "Description", "DisplayOrder") VALUES (50, 2, '관리 감독자 일일 안전 점검', '중량물취급작업 크레인', '슬링, 와이어로프등의 이상 유무 및 매달린 상태', 210);
INSERT INTO "TemplateItems" ("ItemID", "TemplateID", "Category", "SubCategory", "Description", "DisplayOrder") VALUES (51, 2, '관리 감독자 일일 안전 점검', '중량물취급작업 크레인', '인양물 하부 작업 여부', 220);
INSERT INTO "TemplateItems" ("ItemID", "TemplateID", "Category", "SubCategory", "Description", "DisplayOrder") VALUES (52, 2, '관리 감독자 일일 안전 점검', '지게차 하역운반기계', '안전벨트 착용 상태 및 작업장내 과속, 급선회, 급출발 등 이상유무', 230);
INSERT INTO "TemplateItems" ("ItemID", "TemplateID", "Category", "SubCategory", "Description", "DisplayOrder") VALUES (53, 2, '관리 감독자 일일 안전 점검', '지게차 하역운반기계', '제동장치 및 조종장치, 하역장치 및 유압장치 기능의 이상유무', 240);
INSERT INTO "TemplateItems" ("ItemID", "TemplateID", "Category", "SubCategory", "Description", "DisplayOrder") VALUES (54, 2, '관리 감독자 일일 안전 점검', '지게차 하역운반기계', '전조등ㆍ후미등ㆍ방향지시기 및 경보장치, 바퀴 기능의 이상유무', 250);
INSERT INTO "TemplateItems" ("ItemID", "TemplateID", "Category", "SubCategory", "Description", "DisplayOrder") VALUES (55, 2, '관리 감독자 일일 안전 점검', '위험작업조치', '소화기구, 환기조치, 화재예방 피난교육 등', 260);
INSERT INTO "TemplateItems" ("ItemID", "TemplateID", "Category", "SubCategory", "Description", "DisplayOrder") VALUES (56, 2, '관리 감독자 일일 안전 점검', '위험작업조치', '용접,용단,연마 , 절단작업시 소화기구, 비산 방지, 환기 조치여부', 270);
INSERT INTO "TemplateItems" ("ItemID", "TemplateID", "Category", "SubCategory", "Description", "DisplayOrder") VALUES (57, 2, '관리 감독자 일일 안전 점검', '위험작업조치', '통전 전류, 접지 상태, 가스, 유해물질 등 작업환경 점검', 280);
INSERT INTO "TemplateItems" ("ItemID", "TemplateID", "Category", "SubCategory", "Description", "DisplayOrder") VALUES (58, 2, '인원관리', '시작/종료', '작업시작 및 종료 시, 담당직원의 투입 시/퇴장 시 인원 점검', 290);
INSERT INTO "TemplateItems" ("ItemID", "TemplateID", "Category", "SubCategory", "Description", "DisplayOrder") VALUES (59, 3, 'TBM 점검', '도입', '아침 체조 스트레칭', 10);
INSERT INTO "TemplateItems" ("ItemID", "TemplateID", "Category", "SubCategory", "Description", "DisplayOrder") VALUES (60, 3, 'TBM 점검', '건강/복장/보호구', '음주상태', 20);
INSERT INTO "TemplateItems" ("ItemID", "TemplateID", "Category", "SubCategory", "Description", "DisplayOrder") VALUES (61, 3, 'TBM 점검', '건강/복장/보호구', '건강상태', 30);
INSERT INTO "TemplateItems" ("ItemID", "TemplateID", "Category", "SubCategory", "Description", "DisplayOrder") VALUES (62, 3, 'TBM 점검', '건강/복장/보호구', '복장', 40);
INSERT INTO "TemplateItems" ("ItemID", "TemplateID", "Category", "SubCategory", "Description", "DisplayOrder") VALUES (63, 3, 'TBM 점검', '건강/복장/보호구', '보호구', 50);
INSERT INTO "TemplateItems" ("ItemID", "TemplateID", "Category", "SubCategory", "Description", "DisplayOrder") VALUES (64, 3, 'TBM 점검', '지시', '생산회의', 60);
INSERT INTO "TemplateItems" ("ItemID", "TemplateID", "Category", "SubCategory", "Description", "DisplayOrder") VALUES (65, 3, 'TBM 점검', '지시', '금일 안전작업 내용지시', 70);
INSERT INTO "TemplateItems" ("ItemID", "TemplateID", "Category", "SubCategory", "Description", "DisplayOrder") VALUES (66, 3, '위험 평가 및 개선 대책', '위험예지훈련', '각 팀원 최근 아차사고 사례 공유', 80);
INSERT INTO "TemplateItems" ("ItemID", "TemplateID", "Category", "SubCategory", "Description", "DisplayOrder") VALUES (67, 3, '위험 평가 및 개선 대책', '위험예지훈련', '작업장소 등 환경에 대한 위험', 90);
INSERT INTO "TemplateItems" ("ItemID", "TemplateID", "Category", "SubCategory", "Description", "DisplayOrder") VALUES (68, 3, '위험 평가 및 개선 대책', '위험예지훈련', '입고, 출고, 조립, 가공 등 공정 순서(작업방법)에 대한 위험', 100);
INSERT INTO "TemplateItems" ("ItemID", "TemplateID", "Category", "SubCategory", "Description", "DisplayOrder") VALUES (69, 3, '위험 평가 및 개선 대책', '위험예지훈련', '크레인, 리프트, 지게차 등 설비에 대한 위험', 110);
INSERT INTO "TemplateItems" ("ItemID", "TemplateID", "Category", "SubCategory", "Description", "DisplayOrder") VALUES (70, 3, '위험 평가 및 개선 대책', '위험예지훈련', '작업장 개구부, 고소작업 등에 대한 위험', 120);
INSERT INTO "TemplateItems" ("ItemID", "TemplateID", "Category", "SubCategory", "Description", "DisplayOrder") VALUES (71, 3, '위험 평가 및 개선 대책', '위험예지훈련', '그라인더, 인양달기구 등 사용하는 기구,도구에 대한 위험', 130);
INSERT INTO "TemplateItems" ("ItemID", "TemplateID", "Category", "SubCategory", "Description", "DisplayOrder") VALUES (72, 3, '확인', '지적확인', '중점 위험요인 선정 구호 제창 (중점도 높은 사항으로 선정)', 140);
INSERT INTO "TemplateItems" ("ItemID", "TemplateID", "Category", "SubCategory", "Description", "DisplayOrder") VALUES (73, 3, '관리 감독자 일일 안전 점검', '공통', '설비, 기계, 기구 등 점검 후 조치', 150);
INSERT INTO "TemplateItems" ("ItemID", "TemplateID", "Category", "SubCategory", "Description", "DisplayOrder") VALUES (74, 3, '관리 감독자 일일 안전 점검', '공통', '각 종 기계기구의 이상 유무', 160);
INSERT INTO "TemplateItems" ("ItemID", "TemplateID", "Category", "SubCategory", "Description", "DisplayOrder") VALUES (75, 3, '관리 감독자 일일 안전 점검', '공통', '작업장 정리정돈, 통로확보 개구부 확인 점검결과', 170);
INSERT INTO "TemplateItems" ("ItemID", "TemplateID", "Category", "SubCategory", "Description", "DisplayOrder") VALUES (76, 3, '관리 감독자 일일 안전 점검', '중량물취급작업 크레인', '올바른 자세, 복장 및 보호구착용 여부', 180);
INSERT INTO "TemplateItems" ("ItemID", "TemplateID", "Category", "SubCategory", "Description", "DisplayOrder") VALUES (77, 3, '관리 감독자 일일 안전 점검', '중량물취급작업 크레인', '주행로 상측 및 트롤리가 횡행하는 레일, 와이어 통하는 곳의 상태', 190);
INSERT INTO "TemplateItems" ("ItemID", "TemplateID", "Category", "SubCategory", "Description", "DisplayOrder") VALUES (78, 3, '관리 감독자 일일 안전 점검', '중량물취급작업 크레인', '권과방지장치ㆍ브레이크ㆍ클러치 및 운전장치의 기능', 200);
INSERT INTO "TemplateItems" ("ItemID", "TemplateID", "Category", "SubCategory", "Description", "DisplayOrder") VALUES (79, 3, '관리 감독자 일일 안전 점검', '중량물취급작업 크레인', '슬링, 와이어로프등의 이상 유무 및 매달린 상태', 210);
INSERT INTO "TemplateItems" ("ItemID", "TemplateID", "Category", "SubCategory", "Description", "DisplayOrder") VALUES (80, 3, '관리 감독자 일일 안전 점검', '중량물취급작업 크레인', '인양물 하부 작업 여부', 220);
INSERT INTO "TemplateItems" ("ItemID", "TemplateID", "Category", "SubCategory", "Description", "DisplayOrder") VALUES (81, 3, '관리 감독자 일일 안전 점검', '지게차 하역운반기계', '안전벨트 착용 상태 및 작업장내 과속, 급선회, 급출발 등 이상유무', 230);
INSERT INTO "TemplateItems" ("ItemID", "TemplateID", "Category", "SubCategory", "Description", "DisplayOrder") VALUES (82, 3, '관리 감독자 일일 안전 점검', '지게차 하역운반기계', '제동장치 및 조종장치, 하역장치 및 유압장치 기능의 이상유무', 240);
INSERT INTO "TemplateItems" ("ItemID", "TemplateID", "Category", "SubCategory", "Description", "DisplayOrder") VALUES (83, 3, '관리 감독자 일일 안전 점검', '지게차 하역운반기계', '전조등ㆍ후미등ㆍ방향지시기 및 경보장치, 바퀴 기능의 이상유무', 250);
INSERT INTO "TemplateItems" ("ItemID", "TemplateID", "Category", "SubCategory", "Description", "DisplayOrder") VALUES (84, 3, '관리 감독자 일일 안전 점검', '위험작업조치', '전단기, 절곡기 등의 방호장치의 기능', 260);
INSERT INTO "TemplateItems" ("ItemID", "TemplateID", "Category", "SubCategory", "Description", "DisplayOrder") VALUES (85, 3, '관리 감독자 일일 안전 점검', '위험작업조치', '클러치, 브레이크, 금형, 고정볼트, 칼날, 테이블 등의 상태', 270);
INSERT INTO "TemplateItems" ("ItemID", "TemplateID", "Category", "SubCategory", "Description", "DisplayOrder") VALUES (86, 3, '관리 감독자 일일 안전 점검', '위험작업조치', '통전 전류, 접지 상태, 가스, 유해물질 등 작업환경 점검', 280);
INSERT INTO "TemplateItems" ("ItemID", "TemplateID", "Category", "SubCategory", "Description", "DisplayOrder") VALUES (87, 3, '인원관리', '시작/종료', '작업시작 및 종료 시, 담당직원의 투입 시/퇴장 시 인원 점검', 290);
INSERT INTO "TemplateItems" ("ItemID", "TemplateID", "Category", "SubCategory", "Description", "DisplayOrder") VALUES (88, 4, 'TBM 점검', '도입', '아침 체조 스트레칭', 10);
INSERT INTO "TemplateItems" ("ItemID", "TemplateID", "Category", "SubCategory", "Description", "DisplayOrder") VALUES (89, 4, 'TBM 점검', '건강/복장/보호구', '음주상태', 20);
INSERT INTO "TemplateItems" ("ItemID", "TemplateID", "Category", "SubCategory", "Description", "DisplayOrder") VALUES (90, 4, 'TBM 점검', '건강/복장/보호구', '건강상태', 30);
INSERT INTO "TemplateItems" ("ItemID", "TemplateID", "Category", "SubCategory", "Description", "DisplayOrder") VALUES (91, 4, 'TBM 점검', '건강/복장/보호구', '복장', 40);
INSERT INTO "TemplateItems" ("ItemID", "TemplateID", "Category", "SubCategory", "Description", "DisplayOrder") VALUES (92, 4, 'TBM 점검', '건강/복장/보호구', '보호구', 50);
INSERT INTO "TemplateItems" ("ItemID", "TemplateID", "Category", "SubCategory", "Description", "DisplayOrder") VALUES (93, 4, 'TBM 점검', '지시', '생산회의', 60);
INSERT INTO "TemplateItems" ("ItemID", "TemplateID", "Category", "SubCategory", "Description", "DisplayOrder") VALUES (94, 4, 'TBM 점검', '지시', '금일 안전작업 내용지시', 70);
INSERT INTO "TemplateItems" ("ItemID", "TemplateID", "Category", "SubCategory", "Description", "DisplayOrder") VALUES (95, 4, '위험 평가 및 개선 대책', '위험예지훈련', '각 팀원 최근 아차사고 사례 공유', 80);
INSERT INTO "TemplateItems" ("ItemID", "TemplateID", "Category", "SubCategory", "Description", "DisplayOrder") VALUES (96, 4, '위험 평가 및 개선 대책', '위험예지훈련', '작업장소 등 환경에 대한 위험', 90);
INSERT INTO "TemplateItems" ("ItemID", "TemplateID", "Category", "SubCategory", "Description", "DisplayOrder") VALUES (97, 4, '위험 평가 및 개선 대책', '위험예지훈련', '입고, 출고, 조립, 가공 등 공정 순서(작업방법)에 대한 위험', 100);
INSERT INTO "TemplateItems" ("ItemID", "TemplateID", "Category", "SubCategory", "Description", "DisplayOrder") VALUES (98, 4, '위험 평가 및 개선 대책', '위험예지훈련', '크레인, 리프트, 지게차 등 설비에 대한 위험', 110);
INSERT INTO "TemplateItems" ("ItemID", "TemplateID", "Category", "SubCategory", "Description", "DisplayOrder") VALUES (99, 4, '위험 평가 및 개선 대책', '위험예지훈련', '작업장 개구부, 고소작업 등에 대한 위험', 120);
INSERT INTO "TemplateItems" ("ItemID", "TemplateID", "Category", "SubCategory", "Description", "DisplayOrder") VALUES (100, 4, '위험 평가 및 개선 대책', '위험예지훈련', '그라인더, 인양달기구 등 사용하는 기구,도구에 대한 위험', 130);
INSERT INTO "TemplateItems" ("ItemID", "TemplateID", "Category", "SubCategory", "Description", "DisplayOrder") VALUES (101, 4, '확인', '지적확인', '중점 위험요인 선정 구호 제창 (중점도 높은 사항으로 선정)', 140);
INSERT INTO "TemplateItems" ("ItemID", "TemplateID", "Category", "SubCategory", "Description", "DisplayOrder") VALUES (102, 4, '관리 감독자 일일 안전 점검', '공통', '사무실 및 작업장 정리정돈', 150);
INSERT INTO "TemplateItems" ("ItemID", "TemplateID", "Category", "SubCategory", "Description", "DisplayOrder") VALUES (103, 4, '관리 감독자 일일 안전 점검', '공통', '현장 출입 시 안전보호구 착용 유무(안전모, 안전화 등)', 160);
INSERT INTO "TemplateItems" ("ItemID", "TemplateID", "Category", "SubCategory", "Description", "DisplayOrder") VALUES (104, 4, '관리 감독자 일일 안전 점검', '공통', '종사자의 건강상태 이상유무', 170);
INSERT INTO "TemplateItems" ("ItemID", "TemplateID", "Category", "SubCategory", "Description", "DisplayOrder") VALUES (105, 4, '관리 감독자 일일 안전 점검', '사무실안전', '파티션이나 그 밖에 넘어질 위험 여부', 180);
INSERT INTO "TemplateItems" ("ItemID", "TemplateID", "Category", "SubCategory", "Description", "DisplayOrder") VALUES (106, 4, '관리 감독자 일일 안전 점검', '사무실안전', '끼이거나 부딪힐 수 있는 열린 서랍 등이 있는지 여부', 190);
INSERT INTO "TemplateItems" ("ItemID", "TemplateID", "Category", "SubCategory", "Description", "DisplayOrder") VALUES (107, 4, '관리 감독자 일일 안전 점검', '위험작업조치', '고소작업시 안전모 착용, 안전고리 체결 유무', 200);
INSERT INTO "TemplateItems" ("ItemID", "TemplateID", "Category", "SubCategory", "Description", "DisplayOrder") VALUES (108, 4, '관리 감독자 일일 안전 점검', '테스트작업', '돌가루 등 비산 위험이 있는곳에서 보안경 착용 여부', 210);
INSERT INTO "TemplateItems" ("ItemID", "TemplateID", "Category", "SubCategory", "Description", "DisplayOrder") VALUES (109, 4, '관리 감독자 일일 안전 점검', '테스트작업', '작업자가 낙하물 범위 밖으로 있는지 여부', 220);
INSERT INTO "TemplateItems" ("ItemID", "TemplateID", "Category", "SubCategory", "Description", "DisplayOrder") VALUES (110, 4, '인원관리', '시작/종료', '작업시작 및 종료 시, 담당직원의 투입 시/퇴장 시 인원 점검', 230);
INSERT INTO "TemplateItems" ("ItemID", "TemplateID", "Category", "SubCategory", "Description", "DisplayOrder") VALUES (111, 5, 'TBM 점검', '도입', '아침 체조 스트레칭', 10);
INSERT INTO "TemplateItems" ("ItemID", "TemplateID", "Category", "SubCategory", "Description", "DisplayOrder") VALUES (112, 5, 'TBM 점검', '건강/복장/보호구', '음주상태', 20);
INSERT INTO "TemplateItems" ("ItemID", "TemplateID", "Category", "SubCategory", "Description", "DisplayOrder") VALUES (113, 5, 'TBM 점검', '건강/복장/보호구', '건강상태', 30);
INSERT INTO "TemplateItems" ("ItemID", "TemplateID", "Category", "SubCategory", "Description", "DisplayOrder") VALUES (114, 5, 'TBM 점검', '건강/복장/보호구', '복장', 40);
INSERT INTO "TemplateItems" ("ItemID", "TemplateID", "Category", "SubCategory", "Description", "DisplayOrder") VALUES (115, 5, 'TBM 점검', '건강/복장/보호구', '보호구', 50);
INSERT INTO "TemplateItems" ("ItemID", "TemplateID", "Category", "SubCategory", "Description", "DisplayOrder") VALUES (116, 5, 'TBM 점검', '지시', '생산회의', 60);
INSERT INTO "TemplateItems" ("ItemID", "TemplateID", "Category", "SubCategory", "Description", "DisplayOrder") VALUES (117, 5, 'TBM 점검', '지시', '금일 안전작업 내용지시', 70);
INSERT INTO "TemplateItems" ("ItemID", "TemplateID", "Category", "SubCategory", "Description", "DisplayOrder") VALUES (118, 5, '위험 평가 및 개선 대책', '위험예지훈련', '각 팀원 최근 아차사고 사례 공유', 80);
INSERT INTO "TemplateItems" ("ItemID", "TemplateID", "Category", "SubCategory", "Description", "DisplayOrder") VALUES (119, 5, '위험 평가 및 개선 대책', '위험예지훈련', '작업장소 등 환경에 대한 위험', 90);
INSERT INTO "TemplateItems" ("ItemID", "TemplateID", "Category", "SubCategory", "Description", "DisplayOrder") VALUES (120, 5, '위험 평가 및 개선 대책', '위험예지훈련', '입고, 출고, 조립, 가공 등 공정 순서(작업방법)에 대한 위험', 100);
INSERT INTO "TemplateItems" ("ItemID", "TemplateID", "Category", "SubCategory", "Description", "DisplayOrder") VALUES (121, 5, '위험 평가 및 개선 대책', '위험예지훈련', '크레인, 리프트, 지게차 등 설비에 대한 위험', 110);
INSERT INTO "TemplateItems" ("ItemID", "TemplateID", "Category", "SubCategory", "Description", "DisplayOrder") VALUES (122, 5, '위험 평가 및 개선 대책', '위험예지훈련', '작업장 개구부, 고소작업 등에 대한 위험', 120);
INSERT INTO "TemplateItems" ("ItemID", "TemplateID", "Category", "SubCategory", "Description", "DisplayOrder") VALUES (123, 5, '위험 평가 및 개선 대책', '위험예지훈련', '그라인더, 인양달기구 등 사용하는 기구,도구에 대한 위험', 130);
INSERT INTO "TemplateItems" ("ItemID", "TemplateID", "Category", "SubCategory", "Description", "DisplayOrder") VALUES (124, 5, '확인', '지적확인', '중점 위험요인 선정 구호 제창 (중점도 높은 사항으로 선정)', 140);
INSERT INTO "TemplateItems" ("ItemID", "TemplateID", "Category", "SubCategory", "Description", "DisplayOrder") VALUES (125, 5, '관리 감독자 일일 안전 점검', '공통', '사무실 및 작업장 정리정돈', 150);
INSERT INTO "TemplateItems" ("ItemID", "TemplateID", "Category", "SubCategory", "Description", "DisplayOrder") VALUES (126, 5, '관리 감독자 일일 안전 점검', '공통', '현장 출입 시 안전보호구 착용 유무(안전모, 안전화 등)', 160);
INSERT INTO "TemplateItems" ("ItemID", "TemplateID", "Category", "SubCategory", "Description", "DisplayOrder") VALUES (127, 5, '관리 감독자 일일 안전 점검', '공통', '종사자의 건강상태 이상유무', 170);
INSERT INTO "TemplateItems" ("ItemID", "TemplateID", "Category", "SubCategory", "Description", "DisplayOrder") VALUES (128, 5, '관리 감독자 일일 안전 점검', '중량물운반 작업', '중량물 작업시 올바른 자세 및 복장 교육', 180);
INSERT INTO "TemplateItems" ("ItemID", "TemplateID", "Category", "SubCategory", "Description", "DisplayOrder") VALUES (129, 5, '관리 감독자 일일 안전 점검', '중량물운반 작업', '중량물 취급시 바닥의 상태 등 운반환경 점검', 190);
INSERT INTO "TemplateItems" ("ItemID", "TemplateID", "Category", "SubCategory", "Description", "DisplayOrder") VALUES (130, 5, '관리 감독자 일일 안전 점검', '지게차 하역운반기계', '안전벨트 착용 상태 및 작업장내 과속, 급선회, 급출발 등 이상유무', 200);
INSERT INTO "TemplateItems" ("ItemID", "TemplateID", "Category", "SubCategory", "Description", "DisplayOrder") VALUES (131, 5, '관리 감독자 일일 안전 점검', '지게차 하역운반기계', '제동장치 및 조종장치, 하역장치 및 유압장치 기능의 이상유무', 210);
INSERT INTO "TemplateItems" ("ItemID", "TemplateID", "Category", "SubCategory", "Description", "DisplayOrder") VALUES (132, 5, '관리 감독자 일일 안전 점검', '지게차 하역운반기계', '전조등ㆍ후미등ㆍ방향지시기 및 경보장치, 바퀴 기능의 이상유무', 220);
INSERT INTO "TemplateItems" ("ItemID", "TemplateID", "Category", "SubCategory", "Description", "DisplayOrder") VALUES (133, 5, '인원관리', '시작/종료', '작업시작 및 종료 시, 담당직원의 투입 시/퇴장 시 인원 점검', 230);
INSERT INTO "TemplateItems" ("ItemID", "TemplateID", "Category", "SubCategory", "Description", "DisplayOrder") VALUES (134, 6, 'TBM 점검', '도입', '아침 체조 스트레칭', 10);
INSERT INTO "TemplateItems" ("ItemID", "TemplateID", "Category", "SubCategory", "Description", "DisplayOrder") VALUES (135, 6, 'TBM 점검', '건강/복장/보호구', '음주상태', 20);
INSERT INTO "TemplateItems" ("ItemID", "TemplateID", "Category", "SubCategory", "Description", "DisplayOrder") VALUES (136, 6, 'TBM 점검', '건강/복장/보호구', '건강상태', 30);
INSERT INTO "TemplateItems" ("ItemID", "TemplateID", "Category", "SubCategory", "Description", "DisplayOrder") VALUES (137, 6, 'TBM 점검', '건강/복장/보호구', '복장', 40);
INSERT INTO "TemplateItems" ("ItemID", "TemplateID", "Category", "SubCategory", "Description", "DisplayOrder") VALUES (138, 6, 'TBM 점검', '건강/복장/보호구', '보호구', 50);
INSERT INTO "TemplateItems" ("ItemID", "TemplateID", "Category", "SubCategory", "Description", "DisplayOrder") VALUES (139, 6, 'TBM 점검', '지시', '생산회의', 60);
INSERT INTO "TemplateItems" ("ItemID", "TemplateID", "Category", "SubCategory", "Description", "DisplayOrder") VALUES (140, 6, 'TBM 점검', '지시', '금일 안전작업 내용지시', 70);
INSERT INTO "TemplateItems" ("ItemID", "TemplateID", "Category", "SubCategory", "Description", "DisplayOrder") VALUES (141, 6, '위험 평가 및 개선 대책', '위험예지훈련', '각 팀원 최근 아차사고 사례 공유', 80);
INSERT INTO "TemplateItems" ("ItemID", "TemplateID", "Category", "SubCategory", "Description", "DisplayOrder") VALUES (142, 6, '위험 평가 및 개선 대책', '위험예지훈련', '작업장소 등 환경에 대한 위험', 90);
INSERT INTO "TemplateItems" ("ItemID", "TemplateID", "Category", "SubCategory", "Description", "DisplayOrder") VALUES (143, 6, '위험 평가 및 개선 대책', '위험예지훈련', '입고, 출고, 조립, 가공 등 공정 순서(작업방법)에 대한 위험', 100);
INSERT INTO "TemplateItems" ("ItemID", "TemplateID", "Category", "SubCategory", "Description", "DisplayOrder") VALUES (144, 6, '위험 평가 및 개선 대책', '위험예지훈련', '크레인, 리프트, 지게차 등 설비에 대한 위험', 110);
INSERT INTO "TemplateItems" ("ItemID", "TemplateID", "Category", "SubCategory", "Description", "DisplayOrder") VALUES (145, 6, '위험 평가 및 개선 대책', '위험예지훈련', '작업장 개구부, 고소작업 등에 대한 위험', 120);
INSERT INTO "TemplateItems" ("ItemID", "TemplateID", "Category", "SubCategory", "Description", "DisplayOrder") VALUES (146, 6, '위험 평가 및 개선 대책', '위험예지훈련', '그라인더, 인양달기구 등 사용하는 기구,도구에 대한 위험', 130);
INSERT INTO "TemplateItems" ("ItemID", "TemplateID", "Category", "SubCategory", "Description", "DisplayOrder") VALUES (147, 6, '확인', '지적확인', '중점 위험요인 선정 구호 제창 (중점도 높은 사항으로 선정)', 140);
INSERT INTO "TemplateItems" ("ItemID", "TemplateID", "Category", "SubCategory", "Description", "DisplayOrder") VALUES (148, 6, '관리 감독자 일일 안전 점검', '공통', '사무실 및 작업장 정리정돈', 150);
INSERT INTO "TemplateItems" ("ItemID", "TemplateID", "Category", "SubCategory", "Description", "DisplayOrder") VALUES (149, 6, '관리 감독자 일일 안전 점검', '공통', '현장 출입 시 안전보호구 착용 유무(안전모, 안전화 등)', 160);
INSERT INTO "TemplateItems" ("ItemID", "TemplateID", "Category", "SubCategory", "Description", "DisplayOrder") VALUES (150, 6, '관리 감독자 일일 안전 점검', '공통', '종사자의 건강상태 이상유무', 170);
INSERT INTO "TemplateItems" ("ItemID", "TemplateID", "Category", "SubCategory", "Description", "DisplayOrder") VALUES (151, 6, '관리 감독자 일일 안전 점검', '중량물취급작업 크레인', '주행로 상측 및 트롤리가 횡행하는 레일, 와이어 통하는 곳의 상태', 180);
INSERT INTO "TemplateItems" ("ItemID", "TemplateID", "Category", "SubCategory", "Description", "DisplayOrder") VALUES (152, 6, '관리 감독자 일일 안전 점검', '중량물취급작업 크레인', '권과방지장치ㆍ브레이크ㆍ클러치 및 운전장치의 기능', 190);
INSERT INTO "TemplateItems" ("ItemID", "TemplateID", "Category", "SubCategory", "Description", "DisplayOrder") VALUES (153, 6, '관리 감독자 일일 안전 점검', '중량물취급작업 크레인', '슬링, 와이어로프등의 이상 유무 및 매달린 상태, 하부 작업 여부', 200);
INSERT INTO "TemplateItems" ("ItemID", "TemplateID", "Category", "SubCategory", "Description", "DisplayOrder") VALUES (154, 6, '관리 감독자 일일 안전 점검', '중량물취급작업 크레인', '인양물 하부 작업 여부', 210);
INSERT INTO "TemplateItems" ("ItemID", "TemplateID", "Category", "SubCategory", "Description", "DisplayOrder") VALUES (155, 6, '관리 감독자 일일 안전 점검', '공기압축기', '드레인밸브, 압력방출장치, 언로드밸브, 윤활유, 덮개 이상 여부', 220);
INSERT INTO "TemplateItems" ("ItemID", "TemplateID", "Category", "SubCategory", "Description", "DisplayOrder") VALUES (156, 6, '관리 감독자 일일 안전 점검', '지게차 하역운반기계', '안전벨트 착용 상태 및 작업장내 과속, 급선회, 급출발 등 이상유무', 230);
INSERT INTO "TemplateItems" ("ItemID", "TemplateID", "Category", "SubCategory", "Description", "DisplayOrder") VALUES (157, 6, '관리 감독자 일일 안전 점검', '지게차 하역운반기계', '제동장치 및 조종장치, 하역장치 및 유압장치 기능의 이상유무', 240);
INSERT INTO "TemplateItems" ("ItemID", "TemplateID", "Category", "SubCategory", "Description", "DisplayOrder") VALUES (158, 6, '관리 감독자 일일 안전 점검', '지게차 하역운반기계', '전조등ㆍ후미등ㆍ방향지시기 및 경보장치, 바퀴 기능의 이상유무', 250);
INSERT INTO "TemplateItems" ("ItemID", "TemplateID", "Category", "SubCategory", "Description", "DisplayOrder") VALUES (159, 6, '관리 감독자 일일 안전 점검', '위험작업조치', '고소작업시 안전모 착용, 안전고리 체결 유무', 260);
INSERT INTO "TemplateItems" ("ItemID", "TemplateID", "Category", "SubCategory", "Description", "DisplayOrder") VALUES (160, 6, '관리 감독자 일일 안전 점검', '위험작업조치', '용접,용단,연마 , 절단작업시 소화기구, 비산 방지, 환기 조치여부', 270);
INSERT INTO "TemplateItems" ("ItemID", "TemplateID", "Category", "SubCategory", "Description", "DisplayOrder") VALUES (161, 6, '관리 감독자 일일 안전 점검', '위험작업조치', '통전 전류, 접지 상태, 가스, 유해물질 등 작업환경 점검', 280);
INSERT INTO "TemplateItems" ("ItemID", "TemplateID", "Category", "SubCategory", "Description", "DisplayOrder") VALUES (162, 6, '인원관리', '시작/종료', '작업시작 및 종료 시, 담당직원의 투입 시/퇴장 시 인원 점검', 290);
INSERT INTO "TemplateItems" ("ItemID", "TemplateID", "Category", "SubCategory", "Description", "DisplayOrder") VALUES (163, 7, 'TBM 점검', '도입', '아침 체조 스트레칭', 10);
INSERT INTO "TemplateItems" ("ItemID", "TemplateID", "Category", "SubCategory", "Description", "DisplayOrder") VALUES (164, 7, 'TBM 점검', '건강/복장/보호구', '음주상태', 20);
INSERT INTO "TemplateItems" ("ItemID", "TemplateID", "Category", "SubCategory", "Description", "DisplayOrder") VALUES (165, 7, 'TBM 점검', '건강/복장/보호구', '건강상태', 30);
INSERT INTO "TemplateItems" ("ItemID", "TemplateID", "Category", "SubCategory", "Description", "DisplayOrder") VALUES (166, 7, 'TBM 점검', '건강/복장/보호구', '복장', 40);
INSERT INTO "TemplateItems" ("ItemID", "TemplateID", "Category", "SubCategory", "Description", "DisplayOrder") VALUES (167, 7, 'TBM 점검', '건강/복장/보호구', '보호구', 50);
INSERT INTO "TemplateItems" ("ItemID", "TemplateID", "Category", "SubCategory", "Description", "DisplayOrder") VALUES (168, 7, 'TBM 점검', '지시', '생산회의', 60);
INSERT INTO "TemplateItems" ("ItemID", "TemplateID", "Category", "SubCategory", "Description", "DisplayOrder") VALUES (169, 7, 'TBM 점검', '지시', '금일 안전작업 내용지시', 70);
INSERT INTO "TemplateItems" ("ItemID", "TemplateID", "Category", "SubCategory", "Description", "DisplayOrder") VALUES (170, 7, '위험 평가 및 개선 대책', '위험예지훈련', '각 팀원 최근 아차사고 사례 공유', 80);
INSERT INTO "TemplateItems" ("ItemID", "TemplateID", "Category", "SubCategory", "Description", "DisplayOrder") VALUES (171, 7, '위험 평가 및 개선 대책', '위험예지훈련', '작업장소 등 환경에 대한 위험', 90);
INSERT INTO "TemplateItems" ("ItemID", "TemplateID", "Category", "SubCategory", "Description", "DisplayOrder") VALUES (172, 7, '위험 평가 및 개선 대책', '위험예지훈련', '입고, 출고, 조립, 가공 등 공정 순서(작업방법)에 대한 위험', 100);
INSERT INTO "TemplateItems" ("ItemID", "TemplateID", "Category", "SubCategory", "Description", "DisplayOrder") VALUES (173, 7, '위험 평가 및 개선 대책', '위험예지훈련', '크레인, 리프트, 지게차 등 설비에 대한 위험', 110);
INSERT INTO "TemplateItems" ("ItemID", "TemplateID", "Category", "SubCategory", "Description", "DisplayOrder") VALUES (174, 7, '위험 평가 및 개선 대책', '위험예지훈련', '작업장 개구부, 고소작업 등에 대한 위험', 120);
INSERT INTO "TemplateItems" ("ItemID", "TemplateID", "Category", "SubCategory", "Description", "DisplayOrder") VALUES (175, 7, '위험 평가 및 개선 대책', '위험예지훈련', '그라인더, 인양달기구 등 사용하는 기구,도구에 대한 위험', 130);
INSERT INTO "TemplateItems" ("ItemID", "TemplateID", "Category", "SubCategory", "Description", "DisplayOrder") VALUES (176, 7, '확인', '지적확인', '중점 위험요인 선정 구호 제창 (중점도 높은 사항으로 선정)', 140);
INSERT INTO "TemplateItems" ("ItemID", "TemplateID", "Category", "SubCategory", "Description", "DisplayOrder") VALUES (177, 7, '관리 감독자 일일 안전 점검', '공통', '사무실 및 작업장 정리정돈', 150);
INSERT INTO "TemplateItems" ("ItemID", "TemplateID", "Category", "SubCategory", "Description", "DisplayOrder") VALUES (178, 7, '관리 감독자 일일 안전 점검', '공통', '현장 출입 시 안전보호구 착용 유무(안전모, 안전화 등)', 160);
INSERT INTO "TemplateItems" ("ItemID", "TemplateID", "Category", "SubCategory", "Description", "DisplayOrder") VALUES (179, 7, '관리 감독자 일일 안전 점검', '공통', '종사자의 건강상태 이상유무', 170);
INSERT INTO "TemplateItems" ("ItemID", "TemplateID", "Category", "SubCategory", "Description", "DisplayOrder") VALUES (180, 7, '관리 감독자 일일 안전 점검', '사무실안전', '파티션이나 그 밖에 넘어질 위험 여부', 180);
INSERT INTO "TemplateItems" ("ItemID", "TemplateID", "Category", "SubCategory", "Description", "DisplayOrder") VALUES (181, 7, '관리 감독자 일일 안전 점검', '사무실안전', '끼이거나 부딪힐 수 있는 열린 서랍 등이 있는지 여부', 190);
INSERT INTO "TemplateItems" ("ItemID", "TemplateID", "Category", "SubCategory", "Description", "DisplayOrder") VALUES (182, 7, '관리 감독자 일일 안전 점검', '위험작업조치', '고소작업시 안전모 착용, 안전고리 체결 유무', 200);
INSERT INTO "TemplateItems" ("ItemID", "TemplateID", "Category", "SubCategory", "Description", "DisplayOrder") VALUES (183, 7, '관리 감독자 일일 안전 점검', '중량물운반 작업', '중량물 작업시 올바른 자세 및 복장 교육', 210);
INSERT INTO "TemplateItems" ("ItemID", "TemplateID", "Category", "SubCategory", "Description", "DisplayOrder") VALUES (184, 7, '관리 감독자 일일 안전 점검', '중량물운반 작업', '중량물 취급시 바닥의 상태 등 운반환경 점검', 220);
INSERT INTO "TemplateItems" ("ItemID", "TemplateID", "Category", "SubCategory", "Description", "DisplayOrder") VALUES (185, 7, '인원관리', '시작/종료', '작업시작 및 종료 시, 담당직원의 투입 시/퇴장 시 인원 점검', 230);
INSERT INTO "TemplateItems" ("ItemID", "TemplateID", "Category", "SubCategory", "Description", "DisplayOrder") VALUES (186, 8, 'TBM 점검', '도입', '아침 체조 스트레칭', 10);
INSERT INTO "TemplateItems" ("ItemID", "TemplateID", "Category", "SubCategory", "Description", "DisplayOrder") VALUES (187, 8, 'TBM 점검', '건강/복장/보호구', '음주상태', 20);
INSERT INTO "TemplateItems" ("ItemID", "TemplateID", "Category", "SubCategory", "Description", "DisplayOrder") VALUES (188, 8, 'TBM 점검', '건강/복장/보호구', '건강상태', 30);
INSERT INTO "TemplateItems" ("ItemID", "TemplateID", "Category", "SubCategory", "Description", "DisplayOrder") VALUES (189, 8, 'TBM 점검', '건강/복장/보호구', '복장', 40);
INSERT INTO "TemplateItems" ("ItemID", "TemplateID", "Category", "SubCategory", "Description", "DisplayOrder") VALUES (190, 8, 'TBM 점검', '건강/복장/보호구', '보호구', 50);
INSERT INTO "TemplateItems" ("ItemID", "TemplateID", "Category", "SubCategory", "Description", "DisplayOrder") VALUES (191, 8, 'TBM 점검', '지시', '생산회의', 60);
INSERT INTO "TemplateItems" ("ItemID", "TemplateID", "Category", "SubCategory", "Description", "DisplayOrder") VALUES (192, 8, 'TBM 점검', '지시', '금일 안전작업 내용지시', 70);
INSERT INTO "TemplateItems" ("ItemID", "TemplateID", "Category", "SubCategory", "Description", "DisplayOrder") VALUES (193, 8, '교육', '사고사례 공유', '타사 사고사례 및 아차 사고사례 공유', 80);
INSERT INTO "TemplateItems" ("ItemID", "TemplateID", "Category", "SubCategory", "Description", "DisplayOrder") VALUES (194, 8, '관리 감독자 일일 안전 점검', '공통', '사무실 및 작업장 정리정돈', 90);
INSERT INTO "TemplateItems" ("ItemID", "TemplateID", "Category", "SubCategory", "Description", "DisplayOrder") VALUES (195, 8, '관리 감독자 일일 안전 점검', '공통', '현장 출입 시 안전보호구 착용 유무(안전모, 안전화 등)', 100);
INSERT INTO "TemplateItems" ("ItemID", "TemplateID", "Category", "SubCategory", "Description", "DisplayOrder") VALUES (196, 8, '관리 감독자 일일 안전 점검', '공통', '종사자의 건강상태 이상유무', 110);
INSERT INTO "TemplateItems" ("ItemID", "TemplateID", "Category", "SubCategory", "Description", "DisplayOrder") VALUES (197, 8, '관리 감독자 일일 안전 점검', '공통', '담당직원 작업시 안전상태 확인', 120);
INSERT INTO "TemplateItems" ("ItemID", "TemplateID", "Category", "SubCategory", "Description", "DisplayOrder") VALUES (198, 8, '인원관리', '시작/종료', '작업시작 및 종료 시, 담당직원의 투입 시/퇴장 시 인원 점검', 130);
INSERT INTO "TemplateItems" ("ItemID", "TemplateID", "Category", "SubCategory", "Description", "DisplayOrder") VALUES (199, 9, 'TBM 점검', '도입', '아침 체조 스트레칭', 10);
INSERT INTO "TemplateItems" ("ItemID", "TemplateID", "Category", "SubCategory", "Description", "DisplayOrder") VALUES (200, 9, 'TBM 점검', '건강/복장/보호구', '음주상태', 20);
INSERT INTO "TemplateItems" ("ItemID", "TemplateID", "Category", "SubCategory", "Description", "DisplayOrder") VALUES (201, 9, 'TBM 점검', '건강/복장/보호구', '건강상태', 30);
INSERT INTO "TemplateItems" ("ItemID", "TemplateID", "Category", "SubCategory", "Description", "DisplayOrder") VALUES (202, 9, 'TBM 점검', '건강/복장/보호구', '복장', 40);
INSERT INTO "TemplateItems" ("ItemID", "TemplateID", "Category", "SubCategory", "Description", "DisplayOrder") VALUES (203, 9, 'TBM 점검', '건강/복장/보호구', '보호구', 50);
INSERT INTO "TemplateItems" ("ItemID", "TemplateID", "Category", "SubCategory", "Description", "DisplayOrder") VALUES (204, 9, 'TBM 점검', '지시', '생산회의', 60);
INSERT INTO "TemplateItems" ("ItemID", "TemplateID", "Category", "SubCategory", "Description", "DisplayOrder") VALUES (205, 9, 'TBM 점검', '지시', '금일 안전작업 내용지시', 70);
INSERT INTO "TemplateItems" ("ItemID", "TemplateID", "Category", "SubCategory", "Description", "DisplayOrder") VALUES (206, 9, '교육', '사고사례 공유', '타사 사고사례 및 아차 사고사례 공유', 80);
INSERT INTO "TemplateItems" ("ItemID", "TemplateID", "Category", "SubCategory", "Description", "DisplayOrder") VALUES (207, 9, '관리 감독자 일일 안전 점검', '공통', '사무실 및 작업장 정리정돈', 90);
INSERT INTO "TemplateItems" ("ItemID", "TemplateID", "Category", "SubCategory", "Description", "DisplayOrder") VALUES (208, 9, '관리 감독자 일일 안전 점검', '공통', '현장 출입 시 안전보호구 착용 유무(안전모, 안전화 등)', 100);
INSERT INTO "TemplateItems" ("ItemID", "TemplateID", "Category", "SubCategory", "Description", "DisplayOrder") VALUES (209, 9, '관리 감독자 일일 안전 점검', '공통', '종사자의 건강상태 이상유무', 110);
INSERT INTO "TemplateItems" ("ItemID", "TemplateID", "Category", "SubCategory", "Description", "DisplayOrder") VALUES (210, 9, '관리 감독자 일일 안전 점검', '공통', '담당직원 작업시 안전상태 확인', 120);
INSERT INTO "TemplateItems" ("ItemID", "TemplateID", "Category", "SubCategory", "Description", "DisplayOrder") VALUES (211, 9, '관리 감독자 일일 안전 점검', '정비작업', '정비작업시 LOTO 표지부착 상태', 130);
INSERT INTO "TemplateItems" ("ItemID", "TemplateID", "Category", "SubCategory", "Description", "DisplayOrder") VALUES (212, 9, '관리 감독자 일일 안전 점검', '위험작업조치', '고소작업시 안전모 착용, 안전고리 체결 유무', 140);
INSERT INTO "TemplateItems" ("ItemID", "TemplateID", "Category", "SubCategory", "Description", "DisplayOrder") VALUES (213, 9, '관리 감독자 일일 안전 점검', '위험작업조치', '용접,용단,연마 , 절단작업시 소화기구, 비산 방지, 환기 조치여부', 150);
INSERT INTO "TemplateItems" ("ItemID", "TemplateID", "Category", "SubCategory", "Description", "DisplayOrder") VALUES (214, 9, '관리 감독자 일일 안전 점검', '위험작업조치', '통전 전류, 접지 상태, 가스, 유해물질 등 작업환경 점검', 160);
INSERT INTO "TemplateItems" ("ItemID", "TemplateID", "Category", "SubCategory", "Description", "DisplayOrder") VALUES (215, 9, '인원관리', '시작/종료', '작업시작 및 종료 시, 담당직원의 투입 시/퇴장 시 인원 점검', 170);

-- Users data
INSERT INTO "Users" ("UserID", "UserName", "TeamID") VALUES (1, '김조립', 1);
INSERT INTO "Users" ("UserID", "UserName", "TeamID") VALUES (2, '이전기', 1);
INSERT INTO "Users" ("UserID", "UserName", "TeamID") VALUES (3, '박제관', 2);
INSERT INTO "Users" ("UserID", "UserName", "TeamID") VALUES (4, '최라인', 2);
INSERT INTO "Users" ("UserID", "UserName", "TeamID") VALUES (5, '정가공', 3);
INSERT INTO "Users" ("UserID", "UserName", "TeamID") VALUES (6, '강가공', 3);
INSERT INTO "Users" ("UserID", "UserName", "TeamID") VALUES (7, '오연구', 4);
INSERT INTO "Users" ("UserID", "UserName", "TeamID") VALUES (8, '유개발', 4);
INSERT INTO "Users" ("UserID", "UserName", "TeamID") VALUES (9, '송부품', 5);
INSERT INTO "Users" ("UserID", "UserName", "TeamID") VALUES (10, '한출하', 5);
INSERT INTO "Users" ("UserID", "UserName", "TeamID") VALUES (11, '장서비스', 6);
INSERT INTO "Users" ("UserID", "UserName", "TeamID") VALUES (12, '임수리', 6);
INSERT INTO "Users" ("UserID", "UserName", "TeamID") VALUES (13, '서품질', 7);
INSERT INTO "Users" ("UserID", "UserName", "TeamID") VALUES (14, '황검사', 7);
INSERT INTO "Users" ("UserID", "UserName", "TeamID") VALUES (15, '조인사', 8);
INSERT INTO "Users" ("UserID", "UserName", "TeamID") VALUES (16, '윤총무', 8);
INSERT INTO "Users" ("UserID", "UserName", "TeamID") VALUES (17, '신기술', 9);
INSERT INTO "Users" ("UserID", "UserName", "TeamID") VALUES (18, '구생산', 9);

-- DailyReports data
INSERT INTO "DailyReports" ("ReportID", "TeamID", "ReportDate", "ManagerName", "Remarks") VALUES (1, 1, '2025-09-16T05:20:03.2400000'::timestamp, '홍길동', '특이사항 없음');
INSERT INTO "DailyReports" ("ReportID", "TeamID", "ReportDate", "ManagerName", "Remarks") VALUES (2, 1, '2025-09-16T07:10:16.4370000'::timestamp, '홍길동', '특이사항 없음');
INSERT INTO "DailyReports" ("ReportID", "TeamID", "ReportDate", "ManagerName", "Remarks") VALUES (3, 1, '2025-09-16T07:10:25.4670000'::timestamp, '홍길동', '특이사항 없음ㅇ');
INSERT INTO "DailyReports" ("ReportID", "TeamID", "ReportDate", "ManagerName", "Remarks") VALUES (4, 1, '2025-09-22T07:46:01.4710000'::timestamp, '홍길동', '특이사항 없음');
INSERT INTO "DailyReports" ("ReportID", "TeamID", "ReportDate", "ManagerName", "Remarks") VALUES (5, 6, '2025-09-29T00:09:56.1250000'::timestamp, '홍길동', '특이사항 없음');

-- ReportDetails data
INSERT INTO "ReportDetails" ("DetailID", "ReportID", "ItemID", "CheckState") VALUES (59, 1, 1, 'O');
INSERT INTO "ReportDetails" ("DetailID", "ReportID", "ItemID", "CheckState") VALUES (60, 1, 2, 'O');
INSERT INTO "ReportDetails" ("DetailID", "ReportID", "ItemID", "CheckState") VALUES (61, 1, 3, 'O');
INSERT INTO "ReportDetails" ("DetailID", "ReportID", "ItemID", "CheckState") VALUES (62, 1, 4, 'O');
INSERT INTO "ReportDetails" ("DetailID", "ReportID", "ItemID", "CheckState") VALUES (63, 1, 5, 'O');
INSERT INTO "ReportDetails" ("DetailID", "ReportID", "ItemID", "CheckState") VALUES (64, 1, 6, 'O');
INSERT INTO "ReportDetails" ("DetailID", "ReportID", "ItemID", "CheckState") VALUES (65, 1, 7, 'O');
INSERT INTO "ReportDetails" ("DetailID", "ReportID", "ItemID", "CheckState") VALUES (66, 1, 8, 'O');
INSERT INTO "ReportDetails" ("DetailID", "ReportID", "ItemID", "CheckState") VALUES (67, 1, 9, 'O');
INSERT INTO "ReportDetails" ("DetailID", "ReportID", "ItemID", "CheckState") VALUES (68, 1, 10, 'O');
INSERT INTO "ReportDetails" ("DetailID", "ReportID", "ItemID", "CheckState") VALUES (69, 1, 11, 'O');
INSERT INTO "ReportDetails" ("DetailID", "ReportID", "ItemID", "CheckState") VALUES (70, 1, 12, 'O');
INSERT INTO "ReportDetails" ("DetailID", "ReportID", "ItemID", "CheckState") VALUES (71, 1, 13, 'O');
INSERT INTO "ReportDetails" ("DetailID", "ReportID", "ItemID", "CheckState") VALUES (72, 1, 14, 'O');
INSERT INTO "ReportDetails" ("DetailID", "ReportID", "ItemID", "CheckState") VALUES (73, 1, 15, 'O');
INSERT INTO "ReportDetails" ("DetailID", "ReportID", "ItemID", "CheckState") VALUES (74, 1, 16, 'O');
INSERT INTO "ReportDetails" ("DetailID", "ReportID", "ItemID", "CheckState") VALUES (75, 1, 17, 'O');
INSERT INTO "ReportDetails" ("DetailID", "ReportID", "ItemID", "CheckState") VALUES (76, 1, 18, 'O');
INSERT INTO "ReportDetails" ("DetailID", "ReportID", "ItemID", "CheckState") VALUES (77, 1, 19, 'O');
INSERT INTO "ReportDetails" ("DetailID", "ReportID", "ItemID", "CheckState") VALUES (78, 1, 20, 'O');
INSERT INTO "ReportDetails" ("DetailID", "ReportID", "ItemID", "CheckState") VALUES (79, 1, 21, 'O');
INSERT INTO "ReportDetails" ("DetailID", "ReportID", "ItemID", "CheckState") VALUES (80, 1, 22, 'O');
INSERT INTO "ReportDetails" ("DetailID", "ReportID", "ItemID", "CheckState") VALUES (81, 1, 23, 'O');
INSERT INTO "ReportDetails" ("DetailID", "ReportID", "ItemID", "CheckState") VALUES (82, 1, 24, 'O');
INSERT INTO "ReportDetails" ("DetailID", "ReportID", "ItemID", "CheckState") VALUES (83, 1, 25, 'O');
INSERT INTO "ReportDetails" ("DetailID", "ReportID", "ItemID", "CheckState") VALUES (84, 1, 26, 'O');
INSERT INTO "ReportDetails" ("DetailID", "ReportID", "ItemID", "CheckState") VALUES (85, 1, 27, 'O');
INSERT INTO "ReportDetails" ("DetailID", "ReportID", "ItemID", "CheckState") VALUES (86, 1, 28, 'O');
INSERT INTO "ReportDetails" ("DetailID", "ReportID", "ItemID", "CheckState") VALUES (87, 1, 29, 'O');
INSERT INTO "ReportDetails" ("DetailID", "ReportID", "ItemID", "CheckState") VALUES (88, 2, 1, 'O');
INSERT INTO "ReportDetails" ("DetailID", "ReportID", "ItemID", "CheckState") VALUES (89, 2, 2, 'O');
INSERT INTO "ReportDetails" ("DetailID", "ReportID", "ItemID", "CheckState") VALUES (90, 2, 3, 'O');
INSERT INTO "ReportDetails" ("DetailID", "ReportID", "ItemID", "CheckState") VALUES (91, 2, 4, 'O');
INSERT INTO "ReportDetails" ("DetailID", "ReportID", "ItemID", "CheckState") VALUES (92, 2, 5, 'O');
INSERT INTO "ReportDetails" ("DetailID", "ReportID", "ItemID", "CheckState") VALUES (93, 2, 6, 'O');
INSERT INTO "ReportDetails" ("DetailID", "ReportID", "ItemID", "CheckState") VALUES (94, 2, 7, 'O');
INSERT INTO "ReportDetails" ("DetailID", "ReportID", "ItemID", "CheckState") VALUES (95, 2, 8, 'O');
INSERT INTO "ReportDetails" ("DetailID", "ReportID", "ItemID", "CheckState") VALUES (96, 2, 9, 'O');
INSERT INTO "ReportDetails" ("DetailID", "ReportID", "ItemID", "CheckState") VALUES (97, 2, 10, 'O');
INSERT INTO "ReportDetails" ("DetailID", "ReportID", "ItemID", "CheckState") VALUES (98, 2, 11, 'O');
INSERT INTO "ReportDetails" ("DetailID", "ReportID", "ItemID", "CheckState") VALUES (99, 2, 12, 'O');
INSERT INTO "ReportDetails" ("DetailID", "ReportID", "ItemID", "CheckState") VALUES (100, 2, 13, 'O');
INSERT INTO "ReportDetails" ("DetailID", "ReportID", "ItemID", "CheckState") VALUES (101, 2, 14, 'O');
INSERT INTO "ReportDetails" ("DetailID", "ReportID", "ItemID", "CheckState") VALUES (102, 2, 15, 'O');
INSERT INTO "ReportDetails" ("DetailID", "ReportID", "ItemID", "CheckState") VALUES (103, 2, 16, 'O');
INSERT INTO "ReportDetails" ("DetailID", "ReportID", "ItemID", "CheckState") VALUES (104, 2, 17, 'O');
INSERT INTO "ReportDetails" ("DetailID", "ReportID", "ItemID", "CheckState") VALUES (105, 2, 18, 'O');
INSERT INTO "ReportDetails" ("DetailID", "ReportID", "ItemID", "CheckState") VALUES (106, 2, 19, 'O');
INSERT INTO "ReportDetails" ("DetailID", "ReportID", "ItemID", "CheckState") VALUES (107, 2, 20, 'O');
INSERT INTO "ReportDetails" ("DetailID", "ReportID", "ItemID", "CheckState") VALUES (108, 2, 21, 'O');
INSERT INTO "ReportDetails" ("DetailID", "ReportID", "ItemID", "CheckState") VALUES (109, 2, 22, 'O');
INSERT INTO "ReportDetails" ("DetailID", "ReportID", "ItemID", "CheckState") VALUES (110, 2, 23, 'O');
INSERT INTO "ReportDetails" ("DetailID", "ReportID", "ItemID", "CheckState") VALUES (111, 2, 24, 'O');
INSERT INTO "ReportDetails" ("DetailID", "ReportID", "ItemID", "CheckState") VALUES (112, 2, 25, 'O');
INSERT INTO "ReportDetails" ("DetailID", "ReportID", "ItemID", "CheckState") VALUES (113, 2, 26, 'O');
INSERT INTO "ReportDetails" ("DetailID", "ReportID", "ItemID", "CheckState") VALUES (114, 2, 27, 'O');
INSERT INTO "ReportDetails" ("DetailID", "ReportID", "ItemID", "CheckState") VALUES (115, 2, 28, 'O');
INSERT INTO "ReportDetails" ("DetailID", "ReportID", "ItemID", "CheckState") VALUES (116, 2, 29, 'O');
INSERT INTO "ReportDetails" ("DetailID", "ReportID", "ItemID", "CheckState") VALUES (117, 3, 1, 'O');
INSERT INTO "ReportDetails" ("DetailID", "ReportID", "ItemID", "CheckState") VALUES (118, 3, 2, 'O');
INSERT INTO "ReportDetails" ("DetailID", "ReportID", "ItemID", "CheckState") VALUES (119, 3, 3, 'O');
INSERT INTO "ReportDetails" ("DetailID", "ReportID", "ItemID", "CheckState") VALUES (120, 3, 4, 'O');
INSERT INTO "ReportDetails" ("DetailID", "ReportID", "ItemID", "CheckState") VALUES (121, 3, 5, 'O');
INSERT INTO "ReportDetails" ("DetailID", "ReportID", "ItemID", "CheckState") VALUES (122, 3, 6, 'O');
INSERT INTO "ReportDetails" ("DetailID", "ReportID", "ItemID", "CheckState") VALUES (123, 3, 7, 'O');
INSERT INTO "ReportDetails" ("DetailID", "ReportID", "ItemID", "CheckState") VALUES (124, 3, 8, 'O');
INSERT INTO "ReportDetails" ("DetailID", "ReportID", "ItemID", "CheckState") VALUES (125, 3, 9, 'O');
INSERT INTO "ReportDetails" ("DetailID", "ReportID", "ItemID", "CheckState") VALUES (126, 3, 10, 'O');
INSERT INTO "ReportDetails" ("DetailID", "ReportID", "ItemID", "CheckState") VALUES (127, 3, 11, 'O');
INSERT INTO "ReportDetails" ("DetailID", "ReportID", "ItemID", "CheckState") VALUES (128, 3, 12, 'O');
INSERT INTO "ReportDetails" ("DetailID", "ReportID", "ItemID", "CheckState") VALUES (129, 3, 13, 'O');
INSERT INTO "ReportDetails" ("DetailID", "ReportID", "ItemID", "CheckState") VALUES (130, 3, 14, 'O');
INSERT INTO "ReportDetails" ("DetailID", "ReportID", "ItemID", "CheckState") VALUES (131, 3, 15, 'O');
INSERT INTO "ReportDetails" ("DetailID", "ReportID", "ItemID", "CheckState") VALUES (132, 3, 16, 'O');
INSERT INTO "ReportDetails" ("DetailID", "ReportID", "ItemID", "CheckState") VALUES (133, 3, 17, 'O');
INSERT INTO "ReportDetails" ("DetailID", "ReportID", "ItemID", "CheckState") VALUES (134, 3, 18, 'O');
INSERT INTO "ReportDetails" ("DetailID", "ReportID", "ItemID", "CheckState") VALUES (135, 3, 19, '△');
INSERT INTO "ReportDetails" ("DetailID", "ReportID", "ItemID", "CheckState") VALUES (136, 3, 20, 'O');
INSERT INTO "ReportDetails" ("DetailID", "ReportID", "ItemID", "CheckState") VALUES (137, 3, 21, 'O');
INSERT INTO "ReportDetails" ("DetailID", "ReportID", "ItemID", "CheckState") VALUES (138, 3, 22, '△');
INSERT INTO "ReportDetails" ("DetailID", "ReportID", "ItemID", "CheckState") VALUES (139, 3, 23, 'O');
INSERT INTO "ReportDetails" ("DetailID", "ReportID", "ItemID", "CheckState") VALUES (140, 3, 24, 'O');
INSERT INTO "ReportDetails" ("DetailID", "ReportID", "ItemID", "CheckState") VALUES (141, 3, 25, 'O');
INSERT INTO "ReportDetails" ("DetailID", "ReportID", "ItemID", "CheckState") VALUES (142, 3, 26, 'O');
INSERT INTO "ReportDetails" ("DetailID", "ReportID", "ItemID", "CheckState") VALUES (143, 3, 27, 'O');
INSERT INTO "ReportDetails" ("DetailID", "ReportID", "ItemID", "CheckState") VALUES (144, 3, 28, 'O');
INSERT INTO "ReportDetails" ("DetailID", "ReportID", "ItemID", "CheckState") VALUES (145, 3, 29, 'O');
INSERT INTO "ReportDetails" ("DetailID", "ReportID", "ItemID", "CheckState") VALUES (146, 4, 1, 'O');
INSERT INTO "ReportDetails" ("DetailID", "ReportID", "ItemID", "CheckState") VALUES (147, 4, 2, 'O');
INSERT INTO "ReportDetails" ("DetailID", "ReportID", "ItemID", "CheckState") VALUES (148, 4, 3, 'O');
INSERT INTO "ReportDetails" ("DetailID", "ReportID", "ItemID", "CheckState") VALUES (149, 4, 4, 'O');
INSERT INTO "ReportDetails" ("DetailID", "ReportID", "ItemID", "CheckState") VALUES (150, 4, 5, 'O');
INSERT INTO "ReportDetails" ("DetailID", "ReportID", "ItemID", "CheckState") VALUES (151, 4, 6, 'O');
INSERT INTO "ReportDetails" ("DetailID", "ReportID", "ItemID", "CheckState") VALUES (152, 4, 7, 'O');
INSERT INTO "ReportDetails" ("DetailID", "ReportID", "ItemID", "CheckState") VALUES (153, 4, 8, 'O');
INSERT INTO "ReportDetails" ("DetailID", "ReportID", "ItemID", "CheckState") VALUES (154, 4, 9, 'O');
INSERT INTO "ReportDetails" ("DetailID", "ReportID", "ItemID", "CheckState") VALUES (155, 4, 10, 'O');
INSERT INTO "ReportDetails" ("DetailID", "ReportID", "ItemID", "CheckState") VALUES (156, 4, 11, 'O');
INSERT INTO "ReportDetails" ("DetailID", "ReportID", "ItemID", "CheckState") VALUES (157, 4, 12, 'O');
INSERT INTO "ReportDetails" ("DetailID", "ReportID", "ItemID", "CheckState") VALUES (158, 4, 13, 'O');
INSERT INTO "ReportDetails" ("DetailID", "ReportID", "ItemID", "CheckState") VALUES (159, 4, 14, 'O');
INSERT INTO "ReportDetails" ("DetailID", "ReportID", "ItemID", "CheckState") VALUES (160, 4, 15, 'O');
INSERT INTO "ReportDetails" ("DetailID", "ReportID", "ItemID", "CheckState") VALUES (161, 4, 16, 'O');
INSERT INTO "ReportDetails" ("DetailID", "ReportID", "ItemID", "CheckState") VALUES (162, 4, 17, 'O');
INSERT INTO "ReportDetails" ("DetailID", "ReportID", "ItemID", "CheckState") VALUES (163, 4, 18, 'O');
INSERT INTO "ReportDetails" ("DetailID", "ReportID", "ItemID", "CheckState") VALUES (164, 4, 19, 'O');
INSERT INTO "ReportDetails" ("DetailID", "ReportID", "ItemID", "CheckState") VALUES (165, 4, 20, 'O');
INSERT INTO "ReportDetails" ("DetailID", "ReportID", "ItemID", "CheckState") VALUES (166, 4, 21, 'O');
INSERT INTO "ReportDetails" ("DetailID", "ReportID", "ItemID", "CheckState") VALUES (167, 4, 22, 'O');
INSERT INTO "ReportDetails" ("DetailID", "ReportID", "ItemID", "CheckState") VALUES (168, 4, 23, 'O');
INSERT INTO "ReportDetails" ("DetailID", "ReportID", "ItemID", "CheckState") VALUES (169, 4, 24, 'O');
INSERT INTO "ReportDetails" ("DetailID", "ReportID", "ItemID", "CheckState") VALUES (170, 4, 25, 'O');
INSERT INTO "ReportDetails" ("DetailID", "ReportID", "ItemID", "CheckState") VALUES (171, 4, 26, 'O');
INSERT INTO "ReportDetails" ("DetailID", "ReportID", "ItemID", "CheckState") VALUES (172, 4, 27, 'O');
INSERT INTO "ReportDetails" ("DetailID", "ReportID", "ItemID", "CheckState") VALUES (173, 4, 28, 'O');
INSERT INTO "ReportDetails" ("DetailID", "ReportID", "ItemID", "CheckState") VALUES (174, 4, 29, 'O');
INSERT INTO "ReportDetails" ("DetailID", "ReportID", "ItemID", "CheckState") VALUES (204, 5, 134, 'O');
INSERT INTO "ReportDetails" ("DetailID", "ReportID", "ItemID", "CheckState") VALUES (205, 5, 135, 'O');
INSERT INTO "ReportDetails" ("DetailID", "ReportID", "ItemID", "CheckState") VALUES (206, 5, 136, 'O');
INSERT INTO "ReportDetails" ("DetailID", "ReportID", "ItemID", "CheckState") VALUES (207, 5, 137, 'O');
INSERT INTO "ReportDetails" ("DetailID", "ReportID", "ItemID", "CheckState") VALUES (208, 5, 138, 'O');
INSERT INTO "ReportDetails" ("DetailID", "ReportID", "ItemID", "CheckState") VALUES (209, 5, 139, 'O');
INSERT INTO "ReportDetails" ("DetailID", "ReportID", "ItemID", "CheckState") VALUES (210, 5, 140, 'O');
INSERT INTO "ReportDetails" ("DetailID", "ReportID", "ItemID", "CheckState") VALUES (211, 5, 141, 'O');
INSERT INTO "ReportDetails" ("DetailID", "ReportID", "ItemID", "CheckState") VALUES (212, 5, 142, 'O');
INSERT INTO "ReportDetails" ("DetailID", "ReportID", "ItemID", "CheckState") VALUES (213, 5, 143, 'O');
INSERT INTO "ReportDetails" ("DetailID", "ReportID", "ItemID", "CheckState") VALUES (214, 5, 144, 'O');
INSERT INTO "ReportDetails" ("DetailID", "ReportID", "ItemID", "CheckState") VALUES (215, 5, 145, 'O');
INSERT INTO "ReportDetails" ("DetailID", "ReportID", "ItemID", "CheckState") VALUES (216, 5, 146, 'O');
INSERT INTO "ReportDetails" ("DetailID", "ReportID", "ItemID", "CheckState") VALUES (217, 5, 147, 'O');
INSERT INTO "ReportDetails" ("DetailID", "ReportID", "ItemID", "CheckState") VALUES (218, 5, 148, 'O');
INSERT INTO "ReportDetails" ("DetailID", "ReportID", "ItemID", "CheckState") VALUES (219, 5, 149, 'O');
INSERT INTO "ReportDetails" ("DetailID", "ReportID", "ItemID", "CheckState") VALUES (220, 5, 150, 'O');
INSERT INTO "ReportDetails" ("DetailID", "ReportID", "ItemID", "CheckState") VALUES (221, 5, 151, 'O');
INSERT INTO "ReportDetails" ("DetailID", "ReportID", "ItemID", "CheckState") VALUES (222, 5, 152, 'O');
INSERT INTO "ReportDetails" ("DetailID", "ReportID", "ItemID", "CheckState") VALUES (223, 5, 153, 'O');
INSERT INTO "ReportDetails" ("DetailID", "ReportID", "ItemID", "CheckState") VALUES (224, 5, 154, 'O');
INSERT INTO "ReportDetails" ("DetailID", "ReportID", "ItemID", "CheckState") VALUES (225, 5, 155, 'O');
INSERT INTO "ReportDetails" ("DetailID", "ReportID", "ItemID", "CheckState") VALUES (226, 5, 156, '△');
INSERT INTO "ReportDetails" ("DetailID", "ReportID", "ItemID", "CheckState") VALUES (227, 5, 157, 'X');
INSERT INTO "ReportDetails" ("DetailID", "ReportID", "ItemID", "CheckState") VALUES (228, 5, 158, '△');
INSERT INTO "ReportDetails" ("DetailID", "ReportID", "ItemID", "CheckState") VALUES (229, 5, 159, 'X');
INSERT INTO "ReportDetails" ("DetailID", "ReportID", "ItemID", "CheckState") VALUES (230, 5, 160, '△');
INSERT INTO "ReportDetails" ("DetailID", "ReportID", "ItemID", "CheckState") VALUES (231, 5, 161, 'X');
INSERT INTO "ReportDetails" ("DetailID", "ReportID", "ItemID", "CheckState") VALUES (232, 5, 162, '△');

-- ReportSignatures data
INSERT INTO "ReportSignatures" ("SignatureID", "ReportID", "UserID", "SignedAt") VALUES (6, 1, 1, 0x89504E470D0A1A0A0000000D494844520000012C000000960806000000645BB5D2000000017352474200AECE1CE900000A1449444154785EEDDD8D95DC341440615101500129012A003AA0034207A402A002D201500215001D50424A4807800EA3A018DB637BFCA3A7F9E69C3DD9EC7AECA7FB9EEF4A1AD9FE20792180000241087C10244E612280000289B01401020884214058615225500410202C3580000261081056985409140104084B0D20804018028415265502450001C2520308201086006185499540114080B0D400020884214058615225500410202C3580000261081056985409140104084B0D20804018028415265502450001C2520308201086006185499540114080B0D400020884214058615225500410202C3580000261081056985409140104084B0D20804018028415265502450001C2520308201086006185499540114080B0D400020884214058615225500410202C3580000261081056985409140104084B0D20804018028415265502450001C2520308201086006185499540114080B0D400020884214058615225500410202C3580000261081056985409140104084B0D20804018028415265502450001C25203082010860061854995403B26F0454AE9F77FBEF2BFF955BECFFFE657F979F9FEF3C1CFF2767FDCDE57DED3252EC2EA32AD1AD52081229DFCEF8B94D22703E9EC157216D6977BEDACB5FD10566B19114F7402B598724F68D843CAFFCFBDA1BF6EBFCBDF97D7B0E734C5A2F4A8CAEFBF1B6CD8ADB4082BFAE921FE2B0914391561D443B73AAE324CFBE1F6C325C3B6B161E25C5BF3F6398E3A86EECEEFEE1A7465F53A76F7046A41CDC9E9CAF9A4EF6FE2CAC9C882CCFFEFE64558DDA452430E2230D67329876A71B23BC7FBDB2D40C23AA828EC168156081441E57886BDA8160535E4560BABBBB92C3DAC564E13715C4960AA17154150436EF590F06D4AE9E32BC1EE7D6CC2DA9BA8FD4521902595BFEA4FE6B64C8EB7D6DEF2E9A339ACD632231E045610181BEABD4929E5AF2B27C95734E1EEA675EF8AB0EEE2B20102ED1098FB44AF0CF5BAFA04AD5ADBD5A5AC72A30C09DB39C144F23881B1615EDE6B3DD45BB206EAF148CEDF43F7BD2BC23ABFA81CF118026393E61127CCB7D2790A5911D6D6F2F0BE56084C892AAF3FEAA927557A8E6343D8A1AC726EF2B5843DB5FF5DBD1912B672EA89630D81A1A8F2C9D98BA4E62EF7198A684C56DD2D16AD0B83B0D69C26B6BD9A406FA25A7A2D62E15ECBE8E964654878F5E9E7F84B09942151B9C838628F6AAD9C0A9BB10F0C9E6A18A887B5F434B1DDD504F28959167696355311867E5BE5543ED19C5B1736945544796FAE2B43C2CDE8BCF14002D1863B5B05B5F693CC6F534A3F56DCBBBB56F05E4D11D63D427E7F268128A22A822A3DC0258CD6CA696C9F5D5F76B30422612DA1649BA3098C892A1FB3A54FBCE6EEE230C6A70CD5CA30EF5186B5AC5EA5945E3FBAC388EF27AC8859EB27E6D64535772FAC6116F61654BDFFA7EF59151884D5CFC91FA92553A26AA157B55452675DEE435655651356A4D33C7EACC3E509758BAE1EFE2D11D5D99FC891D5A0E6092BBE04A2B4A0C55E558B92CAF91CC675B5CC9BA931C26A26155D07D2DA5CD53D519DDD931A263FDF93BD7C12495686845DCBA1A5C6B5D4ABBAF73089327F76F545C364F57E05D7B70C723FAC96CEEECE6269A15775EF8112AD48AAA4BEEB4774DDA9EFD2A32CB7AD2E43E3F7726448D899251A694EDD4B387B62FD5E4FAAD5DB21D7B27A8615EC535707CCDE579FB01A39C33B092317617926DEB04947CEC544EB490DD9F42EABA19CEADED3AADB55135627A668A0195343C02327B0EFF5A6225C28DDA3ACE6AEAD7C68812D613570A67710C299F3553D486A6CCE2AFF2CEA9D42EB89F122ABDC9EDD17D7125607B6B8B00973F2D87308D893A44ABA86C3E748B23A4D50C3DA26AC0BCFF6E0879E9AAFDA6BC278EAA4287FB9230CF7A6521C4D564B0455F7A80E2B6DC23A0C6DD73B9E92D5A3BDAA7AEE23D766BE79DF21438B0BB31341564B3EC1BB64BD1A615D58B9810F3DB66C61ED90269F149FFE739B948F2A31D5F31F7FA6947EBDCD835C72721C949F56AF0F1CEB45CD2E313888CFEC6E09EB0AEAB18FB9F516BDF55FED5A4C358DDD27691B43DD92ACC6968234272873588D5570C070EA936E385F5544F432A594EFC15E867453822ACD3F72E9432B88AFBEE466AA07D5EA42DAD1BCE961B552CE71E2A88555CF2FDD93D233F5A486D9BC42566382FAE5F68724FF810839CC26AC38A26825D29F534A5FAF0CA6F7A1DE1C8EB36415620E6A65DDFC6F73C27A94E0F3BD3F9F183FA5945E8C34BD7ED0423DDC7B3E4AFFB6F848598DCD09963F0CA186796B8A83B0D6D0B26D4D606C453342FF1138E2CE0B5313E57939493D3CEF360F84D56D6A35EC420275CF6AED728F61D865A8573FF53A6F1379E1ECE6D410D66674DE88C02881BA67B55556C3F9A8679E037C0F326139EB10D88F40E9596D5DA6511ECC9A85B5C78357F76B59237B22AC4612218CF0046A59E59ED592979ED4124AD53684B51298CD111810A8AF0D5C722DE55052E1D7469D59118475266DC7EA8DC052590D27CE3387ADC3C6DE18AE6A0F61ADC2656304DE11A865359C5C9FBB6E92A81E2822C27A009EB73E2D8131594DDD334A6F6AC73221AC1D61DAD5531028B22A3DA5B23E6AEC5A4ABDA99D4B82B076066A775D13C8CB0EBE4A297D38716992DED4C1E927AC8301DB7D1704E6AE9F2C0DD49B3A21D584750264870849A05CB73777DB1C923A39B584753270876B9AC0D8C5C5630113D5456924AC8BC03B6C5304F4A69A4AC7743084152451C2DC9DC012499944DF1DFB633B24ACC7F879773C024B44E5C2E346F34A588D264658BB12582229BDA95D911FB333C23A86ABBDB64180A8DAC8C36E5110D66E28EDA811024B25951FD4FA2AEAD3631A617D7A1884753A72073C8800511D04B6A5DD12564BD910CB16024B44F5F6760FF4D75B0EE03DED1020AC76722192E50496482AEF8DA896330DB12561854893206F0488EAC94B81B09EBC000235BF7E1ACD54D87922FDB3406D12EA4A0284B51298CD2F21503FE76F2C80FC699FF9A94B5273EE4109EB5CDE8EB69EC09CAC963CF461FD11BDA3590284D56C6A049652FA6B8242BE7466E9A3B480EC8800617594CCCE9A323667551ECF5E9E84DC599335E71E01C2BA47C8EFAF22503FE8E14D4AE91BABD2AF4A453BC725AC76722192FF13C8BDAC1729A597E020900910963A4000813004082B4CAA048A000284A5061040200C01C20A932A8122800061A9010410084380B0C2A44AA0082040586A000104C21020AC30A91228020810961A4000813004082B4CAA048A000284A5061040200C01C20A932A8122800061A9010410084380B0C2A44AA0082040586A000104C21020AC30A91228020810961A4000813004082B4CAA048A000284A5061040200C01C20A932A8122800061A9010410084380B0C2A44AA0082040586A000104C21020AC30A91228020810961A4000813004082B4CAA048A000284A5061040200C01C20A932A8122800061A9010410084380B0C2A44AA0082040586A000104C21020AC30A91228020810961A4000813004082B4CAA048A000284A5061040200C01C20A932A8122800061A90104100843E06FE7F2B2A5415400BA0000000049454E44AE426082, '2025-09-16T05:20:05.0724282'::timestamp);
INSERT INTO "ReportSignatures" ("SignatureID", "ReportID", "UserID", "SignedAt") VALUES (7, 1, 2, 0x89504E470D0A1A0A0000000D4948445200000190000000C80806000000C615B7E2000000017352474200AECE1CE900000DEF49444154785EEDDD8D91ECC415065091011918678023C044E0106C47623B0352200217110011184760422003FCBA6ABB2C0BCDB4D423693E4967AB5EED83556BAECEED37DFEA773E1B7C1120408000810E81CF3AC618428000010204060162121020408040978000E96233880001020404883940800001025D0202A48BCD20020408101020E60001020408740908902E3683081020404080980304081020D0252040BAD80C224080000101620E1020408040978000E96233880001020404883940800001025D0202A48BCD20020408101020E60001020408740908902E3683081020404080980304081020D0252040BAD80C224080000101620E1020408040978000E96233880001020404883940800001025D0202A48BCD20020408101020E60001020408740908902E3683081020404080980304081020D0252040BAD80C224080000101620E1020408040978000E96233880001020404883940800001025D0202A48BCD20020408101020E60001020408740908902E3683081020404080980304081020D0252040BAD80C224080000101620E1020408040978000E962338800010204048839B0A5C01F3F56F6C3962BB52E020432050448665F12ABAAE1506A2B7FFFEAA3C8F1FF1FD75D42A4CCAFF2BDFE49DC2E351120D02920403AE12E3EAC84420D894701D143F08F8F417FEF196C0C010259020224AB1FEFACA604C5DF1A7B1573F595BD8B1F3FF648CAF7F255F64E5AC1F3F5C79EC93BB7D96B1320F08280007901EF02436B68CCBDD9D7F3182514C6E7347ACE6F943D8E69A8FC340CC31F2E60681308DC564080DCAFF58F42A304C5AF9FCE5BD4C34C3D41F14CB38448DDC3A9CB997FF79B7FB6F84202FE015FA8994F36A5B5A751F732B60E8D5AD25C787C3B0CC35FEEC16F2B095C5340805CB3AF75AB5AC151F636F60A8D67E1517E66EE5D7BEED9BA1B08F8477CCD26CF9D73285B5AC2E288D028AFF528BC4A0DE504BA2F02044E2E20404EDEC051F9097B1BCF82A3FCAC84974B78AF33E76CC9CD0504C8F927C0A3BD8D943D8E2A2C3CCE3FD76C0181FF131020E79C10497B1BE3FB47E6348F3C6C76CE6EAA9AC0490504C8791AD7BA3BFCC837EA670156458FACE73C5D5429810B090890FC66D6E098DE4371F421AAD6F98D5A4FB924D8798EFC79A542022F0B08909709775BC1DC6FF9EFF8AD7EC9234EDE51D76EF0564C80C0320101B2CCE9C8A5DE1D1CF5B126ADE762FD3C0CC35F0FB88FE4487BAF4580C00A0101B2026BE745DF191C4BCE6938B7B1F304B07A0267131020EFEFD8DC65B8F509B77B9D4BA87B19F5B55B0A0E51B584FC9CC00D0504C8FB9A3EF77CA852CD5EF74B8C0F4DB51EB55E1F6F72D45DEBEFEB82572640A05B408074D3750F7C141C7BFC96DFBAF4B76C44DDDBF1A981DD2D3590C03D0504C8717D7FF66CA82D7FD377D5D4713DF54A046E2D20408E69FFF70F3EA16FABC355ADC3530E491DD367AF42E056020264DF763F3B5CB5C513695B8F34A9E754F67E64FBBE8AD64E8040A48000D9A72D7B1EAE121AFBF4CC5A09105829204056822D58BCBCC1974356D3AF4787ABA65744D5FF1EEF357C390CC39F876128DFA75F0E4F2D688A450810D85E40806C67FA68CFE0A78F97F8E5E37BEB12DA25159575D53FDF8D06D43029DFE78268C9BA2D4380008145020264115373A147E73A9A030316A897F1D652F6BA79316053954080C0960202E435CD358F0079ED951E8F9E9E202F3DFDF5C98B2DDD03AAC152F674BED9AB78EB2540E0BC0202A4BF778FCE75F4AEB11CEAFAF7300CE57B79C33EEA1054BDD9B0D4FD55E3309B9B0E7BBB6B1C810B0A0890FEA63EFB2DBF9EEFF8FCC9EAD34F7ED760F9E2E304FEDCA60894FEF9632481D30B0890BE16CE9DF328A1F12830CA5E45F979B912AB7C9DF1BE8CF19ECADC875B95EDAA77D49F71FBFA668251046E2C2040D6377FC9A1ABF4BD8BF55B3D3FA29E709F0B94ADEEB2DFAA56EB214060630101B21EB484433D57301E7D97D07824F6284CEC95AC9F6346103885800059D7A6E9A1ABF2E6E82AA5DF1A3E0B139709AF9B739626102B204096B766EED015BFB6DFDCF9A23D1E5DDFAEC41204086C2AE00D7039E7F489BA8EF12FB7AB4BCE7DFA62BDB0C09EC97A4F2308BC5540802CE39FEE7D94DFA0B7789AEEB257BFDE52F58AAEE9C9776172BD5EDBA20B0B089065CD9DEE7D94F070A9EA32BBD652CFC2C4A724B6F4FC9CC01B0504481BDFDE47DB68AB25E60E71D59B151DE2DA4AD97A086C242040DA90D393C077DDFB18DF4878C49BB9F325EDB96909026F1510206DFEBB1FBE9A7B60E49121FAEC10D71141D69E21962070530101D26EFC3440EE60D67ACAF0910132EED0DCFD254EBCB7E7B02508EC22708737C357E1A60F4DBCAA592B34EABD1BC533E10282B9FB4B5C5AFDEA6C379EC00A81ABBE19AE20682EFAAFC947C95EC9AC151A352CEAE3489A586F58C05EC91BD0BD24812270A537C3BD3AFA9F6118CA23CDCBD7CFC330FC7EAF173A68BD57088D47548F4EBCBB1CF8A0C9E565EE252040DAFDBEC21EC8954363AE837327DE5D0EDC9EEB9620B04A4080B4B9A6C7DACF62B62434CE7088AADDA1E74B38C4F5AAA0F1041E089CE5CDF09D0D9C7B026FF2E5A34B82E3AEBF8D4FC3C4272ABEF35F96D73EBD800059D6C2E995588957FB2C0D8EE413E2CBBAB1CD527387B9DE7579F2365B642D040E161020CBC0132F19AD6F80E5C3ADCADF9F7D95DFB4BFFBF491BBDF2CDBDCDB2D350E936F3F2E96A887F7122E59BE5D436CF0390404C8F23EBD33446A40D4A7D7B602E30EE73696776EDD920E73ADF3B2F48D0504C8BAE64FEF4A2FA3B73C9C350E8612164B8262BA053EAC695D4F9F2DFDEC6A2E97066FE76C4D27151020EB1B371722BD27636B40D4FB17D65633FE1CF6BAD7B1761D965F26F0EC90616FFF97BDB2A508840A0890F58D296F24FFFC743EE1F3C6D0722CFD779365BE5C30EED96AC76F5402637DEFB61CD13A07E5195D5B6A5B57A48000E96FCBDC3991FEB5FDEFF9523F8E5652F7309CC87D45F698B14B02C561AF637AE1550E121020AF43CF3D3EA3B5D6F1A127E1D0D23ADFCFC79F9D32FDD8DEBAE7587E511028E7EBAD8A47020264DBE950DF38CAB3B3A687AFEA1B86434FDB9A9F616DADBD13E750CED04535FE4640809814048E1768058AF327C7F7C42B760808900E3443086C2CB034501CF2DA18DEEA5E131020AFF9194D600F81A58192FC4CB63D5CAC334C4080843544390466045A27E5EBF3CD5C9061FA1C2A20400EE5F66204361118074A79165AF92AFFAFDE7B542F0577C86B136E2B79242040CC0D02D7109886CAF4313875EFA486CB2F1F37B53A0C768DFEBF652B04C85BD8BD2881DD056A8094EFAD2736D7CB886B514265F7F65CE30504C835FA682B082C15A87B2A7F1A86A13C5AE7D997FB5396AADE74390172D3C6DB6C02A37327756F65CD9E8ABD1453681020260101025381D6555FE3E5EDA5DC78FE08901B37DFA6135821D03A495F575503C51ECA0ADCB32E2A40CEDA39751378BFC03824A687BFB6FCA0B5F76FA90A66050488894180C09602754FC51EC896AAA1EB1220A18D5116010204D20504487A87D44780008150010112DA1865112040205D4080A477487D04081008151020A18D5116010204D20504487A87D44780008150010112DA1865112040205D4080A477487D04081008151020A18D5116010204D20504487A87D44780008150010112DA1865112040205D4080A477487D04081008151020A18D5116010204D20504487A87D44780008150010112DA1865112040205D4080A477487D04081008151020A18D5116010204D20504487A87D44780008150010112DA1865112040205D4080A477487D04081008151020A18D5116010204D20504487A87D44780008150010112DA1865112040205D4080A477487D04081008151020A18D5116010204D20504487A87D44780008150010112DA1865112040205D4080A477487D04081008151020A18D5116010204D20504487A87D44780008150010112DA1865112040205D4080A477487D04081008151020A18D5116010204D20504487A87D44780008150010112DA1865112040205D4080A477487D04081008151020A18D5116010204D20504487A87D44780008150010112DA1865112040205D4080A477487D04081008151020A18D5116010204D20504487A87D44780008150010112DA1865112040205D4080A477487D04081008151020A18D5116010204D20504487A87D44780008150010112DA1865112040205D4080A477487D04081008151020A18D5116010204D20504487A87D44780008150010112DA1865112040205D4080A477487D04081008151020A18D5116010204D20504487A87D44780008150010112DA1865112040205D4080A477487D04081008151020A18D5116010204D20504487A87D44780008150010112DA1865112040205D4080A477487D04081008151020A18D5116010204D20504487A87D44780008150010112DA1865112040205D4080A477487D04081008151020A18D5116010204D20504487A87D44780008150010112DA1865112040205D4080A477487D04081008151020A18D5116010204D20504487A87D44780008150010112DA1865112040205D4080A477487D04081008151020A18D5116010204D20504487A87D44780008150010112DA1865112040205D4080A477487D04081008151020A18D5116010204D20504487A87D44780008150010112DA1865112040205D4080A477487D04081008151020A18D5116010204D20504487A87D44780008150010112DA1865112040205D4080A477487D04081008151020A18D5116010204D20504487A87D44780008150010112DA1865112040205D4080A477487D04081008151020A18D5116010204D20504487A87D44780008150010112DA1865112040205D4080A477487D04081008151020A18D5116010204D20504487A87D4478000815081FF02A27E7CD82736F6AD0000000049454E44AE426082, '2025-09-16T05:20:05.0724669'::timestamp);
INSERT INTO "ReportSignatures" ("SignatureID", "ReportID", "UserID", "SignedAt") VALUES (8, 1, 1, 0x89504E470D0A1A0A0000000D494844520000012C000000960806000000645BB5D200001000494441547801ECDDBD8EF44819C5718308080848108B84B420710184048B8080806CEF60972B58EE00081101DA2B0032D28D09008144880888816825222402C8A07EC33E23BF3DDDD3EE0FDB65F719F94C95CBE5FAF857D5E9B2A777DF4F0FF909811008818D1088616D64A0D2CC10088161886165168440086C86400C6B3343757B435342086C9D400C6BEB2398F687C0031188613DD060A7AB21B0750231ACAD8F60DA1F02C708EC342D86B5D3814DB742608F0462587B1CD5F42904764A2086B5D3814DB742608F046258C74635692110025D12886175392C69540884C0310231AC635492160221D02581185697C392462D4720356D89400C6B4BA395B686C0831388613DF80448F743604B0462585B1AADB435041E9CC08D86F5E0F4D2FD1008814509C4B016C59DCA4220046E2110C3BA855EEE0D81105894400C6B51DC9BAE2C8D0F81D509C4B0561F8234200442602A8118D65452C9170221B03A8118D6EA43900684407F047A6D510CABD79149BB4220045E108861BD4092841008815E09C4B07A1D99B42B0442E0058118D60B24B727AC50C2575A9DA5F75BFC9CBEDDF294EABE96942304FA2610C3EA6F7CC606C2549C0B99D0CF5B73E9372DFC6BD37F3F9178C9F573727FA9EE3B56963C1FB73A84A45CF92BEE5CBCE49C9CCB7789D45FF94FC55D5776495DA51FB576E24498514BCAB1270231ACE547D342623E1698C566111ED3BF5AD32C4CD784F2BA8F6A51B62C773DFE362A4D3B495285EAAD7371724D389634F9CE497DC7F4DB7623B956A138B54BCF47D589C90F5B2A4E841995F1614798CB4B53DBD88ACDD10B8118D67223618158301692C56381D5C271AD542DFA5C450E420BF8172D8D7EDCC2D2F75BBCF49D16A7AFB6F0534D158A93F3529D577898FEA54FEEAFF2EAFA38742F8DD3A6C4955992BFE2427D11BE26F79C92FB099FD685A7E3EDF6FBBD26FCC7C6E6DCD8180F618D85B0657FE5C8A54509C4B0E6C76DD25B048C8A49BD56A31D4419D2872DA3056741328392052C9D945B6260256590F25A314385C3273FCE4B92C4855B95F61FAA5808B12AE187A5B0F4BBD671BCFED342A666E7C6BC181963C3781C77DDB852BB25C752046258F39236A14F199505E6D3DF422A53125A44D27ED09A66B1C9D7A239EE4C00D712CE0CEB57AD0EEC9D33A91A0BE7BF6CD7A80503C3F2E1C3CC8C2F95A109DD2B0F9903437EEE432086751F8EC74A31514DE4F1350B8449F984674E26B6C5207D9C2FF17E08181B6268C6CA9811633386C4D8ECD218DADF5BD3EDD2181AF3320788B9B9CFCE8D62660DD4A5C7BA8675696BB795DF0E69DC6213DEE43669C7E9896F9F00436366647C99191333DE24CECCE4FB56EBAEF7680C8C9195985B1959CB92E3188118D6312AF749FBE7A8989FB4B849DB821C0F4680491133A33233BB6C724EB03032C675F8D74DBB31D71F5E31ACF9A6801D5595EE656EC51386C0988079424CCB879A1D197975F09796F16B4D1E2FC7266627E69543BBF458470C6BBEF136097DA2AAC1847BC809A6F3FF577E5F48C07CF969BBE79D2607136368DE9579ACF448597A18038B61990AF3C9A7A6C70135985C26A1781402C708981FDE8179AFE5436E9CC73C221F82E65519989D987CF27B9CA4DD1A580CCB50CF2B934B0D26A389241E85C09880B9E103ED985131A49A43E37B2A5E3B7979E425D7CC35E645DE81A943FAA615C39A7FF86A42A9E983F6CBE469418E1018984819D5785ED849311E2FE5EDB89C0F137EE423BB30F79589A9A70C4CA82E69138ABC2ACB6C37C5B06643FB46C1268E84CFB75FFE12D4821C0F4EC0CEC78E8A79140A66C3A83CEE319C4ABF2554E6D8C07C804A635C636DC2C06258B74C85CBEEF5C2D41D26E8262687C646772560DC1991FF0306B35038F32893BAA75129FB98D447DAC1C818987CE625691769ABF4AE14C35A6E384C1293C344F08274B99A53D3DA048C3983B0A332F66FB5067DD45446E59AF9D192163FD4CBB848DC1C256D2E03132EDEB06315C6B08E519927CD643041956E0290F8A172BE1F02163D332AA3D233F3C0BBA977DB896B2DE8E6D0B612D3126764FA51BB2EE16A733786B5EC5C3109C804F049BB6CEDA96D4902CC686C54C6DD231F2DD98E5BEA6258EE675AE45C68FE967155284DDE5915C39A15EFD1C2EB05BC4F2993FA68A6246E968005EC5BE9F581C4A8BCBF240B7EB31D1B359C6991BE914B0CCB7C260C9C4BBFAB625877C539A93093B61E0D4D6A833BE9C664EA9A800F203B2A7FFDD350E3CCA4A816B5F437B48313FDD43F6256248E0716648EDFC5C06258EBCC18833A362D83BB4E4B52EBAD042C448BD2F7A9C42D6063EBD1CFC2BDB5FC2DDE8F811D98A7092C9CFB70C6E9A6B91EC35A6F3A1850836992DF3C90EB75E3A16BF6C1635765070184F16454D29D47C3C0AC183736C4B0CC77F37EB8F427867529B1FBE5379087A65513FF7EB5A4A4390830A463EFA9A4CF51DF1ECA34DF0923FF93433B52F18BFAB669C3BAA8A77D66AE01B475F689E393E7E241ECB36BBB6B95F1313663A3327EC66EEFEFA9EE3D983862E6BFFA109F5C7E0C6B32AA5933DA69194095D4B3BE78B43E018F301695473F63A34565541EFF8C9DB4E83202189AF31799560CEB32C873E6F69C6F000DA44743BBAD39EB4BD9A709D46E8A49797429A3F20E8649518CEA34BFA957CC753B547C7D309CBD2F867516D1A2190E4DCB62B178166D449795CDDF289C6B27C5A82C2269C68451F976BAEB16D9FCAD799C1AF0655A3F9BD2E518D6144ACBE6B1206AA7E55327A6351FFFDAC97A2F353629FF60449994B16054F3B5222533ADAF370CC6A305A78F18D669366B5E199B964F79A6954573DB88E06841E0C89C9894C76E69783328E66427254DBEDB6ACCDD5309E0CFB4BCCF7AF59E18D6AB7856BD68102D200BC962F38862A1D975ADDAB0CE2BC70AA3321DA6C49CB013C7511E0B045BEFA3884149EBBC7BBB6D9EFF57BD711986E1741F6358A7D9F470856959488C4BDC80DA6D597816650F6D5CB20DFAAFDF98100E8409432A63722E9D39312E6D64460CCAFB12BB284C9581ABEBD1BA04DE6ED51BA3169C3E6258A7D9F474C5405A60169C0566115A9416A9456711F7D4DE6BDAC28CF44B7F88E1E8E39F5A618C88F4571A2322F9A9FA8F13F90B1E56CC09B7B141B9D68ACCD111811A7BBBAC579B15C37A154F57171995856C015A8816A681B6702D628BD962B480D76AB8F654DDE2C44C48BBB49FCA8CB4991191B874FD21F7B8FFCFAD40E643FA4D1890473962484269248F7AF0C0A91591A36302C65DF38C97F0A4625827D1747B817119580BB316A9738BFBBD61180CBEC54FE28CA216BF3C3A2624E9AE972C72729F90112ADBB9F29C53C519CD58D2EB5C9CE42765302252AFFAB545F9CC88188D3E8DA56DDA42F21213222C4839D13609185FF3C17C3EDB8318D659445D67B0582D5C0BDD2E4368E14B63082603A36018CC83188A90A4BB5E6226FE526302F9C73A75FE8BED97F3163C1FCA5737F33894FA49BA509BC8846444DA292CB9C68CC83DCAA5E7CA12D92D819A77E6803975B6A331ACB3883695C182B7F04D80320446C1385C138E259FEBF232121227E9F4BD46C0393927F79D92FAC975A17AC9848C113598399E08302B1FA8E6063D259EFB15C33A4768BBD79903310AC65106225E32515C976FBB3D7DDC966FB1E776FE76F7CCCA87A77939B91F31ACC9A892310442E046023E289915D36254CE2F2A32867511AE640E8110B8820083F2EED43B523B7AAF17ECEE2F2E2A867531B2DC1002213091C03B2D9F3FECD855B5E8C0ACBC03BDFA15C4231BD6909F1008815908D85179DCFB7D2BDD5F981994474066D592AE3F6258D7B3CB9D2110026F1228A3B2ABF2F8E7EA1FDA2F4675D52360BBF78D2386F5068E9C8440085C41A08CCAA31FA3725EBBAA6FB6F2C45B70FB11C3BA9D614AD8008134F1EE049892C73D8F7E65542A614EBEAE70F58B75859C520CEB1499A48740088C093027DF9D62501EF99894D08E4ABEB151C923EDEE8A61DD1D690A0C814D13B0733A34265F49604EBE9DCEA0985775D25FFE6A47359B51556531AC229130041E9300836234CC8831D939899731B95E64ECA2CAA0BC48F79F7209DD5F79660D2719D6AC2D48E12110024B12604076504C893911739256ED604AFEAA67E7E4EB08DE4731276119943C957FB13086B518EA541402AB102883B20B624EC4AC18946B1FB55695313125624A8CCA3D8CCBCEAA655BFF8861AD3F06694108DC930013F28E89D978EF54066517E51AF361504C8939BDDB2A979731B568DF470CABEFF159BE75A9716B049890DD12D32983123228C6A53F1EDF981483F25827AF34D736A518D6A6862B8D7D7002CC89180E53B27B228F7863833ADC45D94DB967F3F862589B1FC27460A704EC8E6AE7C4901853A9CC89793127BB253B28C6B4C62E4A3BC8500849FB495C3FC4499CC4497CB26258104721B03C81F162B5FB614AB56BF2F5027169CCC982B6F07FDD9AF9611373F252DCE31D93226530AE76F9E990BF54753917A7F78761502EB9772CF5923694CA2C85DA5761C5EB5C48E3FBC66589535D179FAC18D6909F10B83B81328632018BF38FAD967F3459E024AD166A991223F972CB73EAF86EBBF04193FCEE650CA4BC8F5B7AC59D8B97AA2EE7E2E4FE92F2C66262A43D257D2AB5AA06F1E1E0C76EEF504C94BCD427663B16E32D31DE43D9313E2B8675403CA7217003018BFCDFEDFE328632018BFE1B2DFD0B4DE78ECF9CCB70E2FA5B2DBD4C8469B4D3A743BC54C6313EAF34663256994A9989706C2676778C4448E3B8F352DDE37E2A13AF705CA7B61CEAA913F52B8655241286C0ED04FC8B439FBDBD9893258C1733436100C41418C4D834C4497A493EF9C7E795267DAC7386C2F4345448E2B32B867535E2DC18022F0858F00CA054E74206E34B9A4CC7AEC279C9F5B1EA7EC6C2744A952E6428CA2165966954F8A2717B488861ED6114D3875E08300BE6512A331132185FD26436CCC979C9F5B1EA7EE5F5D2B72EDA11C3EA6218D28810088129046258532825CFA31348FF3B2110C3EA6420D28C100881F3046258E7192547088440270462589D0C449A110221709EC0128675BE15C911022110021308C4B026404A961008813E08C4B0FA1887B422044260028118D60448C9329D407286C09C04625873D24DD9211002772510C3BA2BCE1416022130278118D69C74537608EC99C00A7D8B61AD003D558640085C472086751DB7DC150221B0028118D60AD053650884C075046258D771BBFDAE9410022170318118D6C5C872430884C05A0462586B914FBD211002171388615D8C2C3784C0A50492FF5E046258F7229972422004662710C39A1D712A088110B8178118D6BD48A69C100881D9096CC0B06667900A42200436422086B591814A334320048621869559100221B0190231ACCD0CD54334349D0C815709C4B05EC5938B2110023D118861F5341A694B0884C0AB046258AFE2C9C5100881B9085C536E0CEB1A6AB927044260150231AC55B0A7D21008816B08C4B0AEA1967B422004562110C35A05FBED95A6841078440231AC471CF5F43904364A2086B5D1814BB343E01109C4B01E71D4D3E76D11486B9F09C4B09E5124120221D03B811856EF2394F68540083C1388613DA348240442A07702FB37ACDE4720ED0B8110984C208635195532864008AC4D2086B5F608A4FE100881C904625893512563FF04D2C2BD138861ED7D84D3BF10D8EF43013A000000DB49444154118118D68E06335D0981BD138861ED7D84D3BF10D811819161EDA857E94A0884C02E09C4B07639ACE95408EC93400C6B9FE39A5E85C02E09C4B07639AC673B950C21B0490231AC4D0E5B1A1D028F492086F598E39E5E87C02609C4B036396C6974084C27B0A79C31AC3D8D66FA12023B2710C3DAF900A77B21B0270231AC3D8D66FA12023B2710C33A33C0B91C0221D00F8118563F6391968440089C2110C33A032897432004FA2110C3EA672CD292B509A4FEEE09C4B0BA1FA234300442A008C4B08A44C2100881EE09C4B0BA1FA234300442A008FC0F0000FFFFB17A62E200000006494441540300D236545A4FB0A3E40000000049454E44AE426082, '2025-09-16T05:20:05.0725118'::timestamp);
INSERT INTO "ReportSignatures" ("SignatureID", "ReportID", "UserID", "SignedAt") VALUES (9, 2, 1, 0x89504E470D0A1A0A0000000D4948445200000190000000C80806000000C615B7E200001000494441547801EC9D0BFC7F773DC7BFA48B4B43A994244A4D2926AD152B46AB48C894720B85A274B3A616D29262332D2A9792E49256D30523B75AAD1B724936864614526AD4DAC3783DBFFD3EFFCEBEFB7EFFBFEFE57CCFE75C9E7B9CF7EFF3399FEF39E7F339CFCF7F9FD7F9DC3F7AE67F129080042420812D0828205B40F316094840021298CD1410FF1548A01601E395C0C009282003CF40932F010948A0160105A41679E395800424307002031690819337F912908004064E40011978069A7C09484002B5082820B5C81BAF04064CC0A44B00020A0814340948400212D8988002B231326F90800424200108282050E8DA8C4F021290C00808282023C8445F41021290400D020A480DEAC6290109D42260BC2D1250405A84E9A3242001094C89800232A5DCF65D25200109B44840016911E6141EE53B4A4002122804149042425702129080043622A0806C84CB8B25200109D422D0BF781590FEE58929928004243008020AC820B2C9444A400212E81F0105A47F79628AF643C0A74A40022D1350405A06EAE3242001094C85800232959CF63D25200109B44C606D0169395E1F2701094840020327A0800C3C034DBE042420815A0414905AE48D57026B13F04209F4938002D2CF7C3155129080047A4F4001E97D16994009484002FD24300501E92779532501094860E00414908167A0C997800424508B8002528BBCF14A600A047CC751135040469DBDBE9C04242081FD115040F6C7D6274B40021218350105A4D7D96BE224200109F4978002D2DFBC3165129080047A4D4001E975F698380948A01601E33D9C8002723823AF9080042420812504149025500C928004242081C30928208733F28A6D08788F0424307A020AC8E8B3D81794800424B01F020AC87EB8FA5409484002B5087416AF02D2196A2392800424302E020AC8B8F2D3B791800424D0190105A433D446341402A6530212588F8002B21E27AF92800424208105020AC802104F2520010948603D02ED0BC87AF17A9504242001090C9C800232F00C34F9129080046A1150406A91375E09B44FC0274AA053020A48A7B88D4C021290C078082820E3C94BDF4402129040A7041490066EBD1290800424B03E0105647D565E2901094840020D020A4803865E0948A01601E31D2201056488B9669A25200109F4808002D2834C9848123E2AEF799BD8A7C76E12BB75ECF6B1E362F78F9D1A7B7CECF4D81362F8097B4CFC8F8E3D2CF6A0D8B7C5BE2476F3D831310F0948A01201056437F0D7CEED27C528EC9E16F7D76217C65E1B7B75EC55B157C4CE8BBD38F682D8CB63B8DCF3C8F89F1DE39ADF8AFBBBB1DF8F71EF05715F1F7B63EC4F627F16FBABD85FC4FE3CC63D4F8A4BBC3F16F747624F8C51E87E61DCCF8B7DFE81DD2EEE4D63378B7D6E0CF7C6716F1BA3103F36EEE7C4BE25F6F0D8A3628F8D9D16A330E7B9A4ED0F735EEC0FE23F3F7649ECFDB1F7C4FE23F6AED8BF1ED8BFC5C5DE1697B4BF35EEA5B177C4FE26C67BFC695CB8F11E4F89FFC9B13362F809FB89F8CF8CFD74EC79B1E7C648C33FC4850DCFC5CFEF09F2908004BA22A080AC471A4E77CEA5146ABF199742F003713F18A3C0279C829B2FE913127697D889B12F8B7D65ECAB635F17FBA6D8BD63B8DCF393F17F578C6BEE15F7EE3104897BBF28FE3BC5EE18FB82186240818F1850E873CF0F269C781F1797421E11A1D07D53CEDF1243743044E79F727E71EC2F636F8FFD4B8CC297429C02FEAF73FEFCD8336267C57E3CF6D4188539CF256D7CF917FBD2FC7672ECB3629F10FBA4D8F563378C5D16BB28C633314405313D376108C01FC7454411C0A6FD70C2BF22C6B3B1EF8EBFF9FB3939FFA303433C10AA9CCEA88D5043F9ED99FF4940029D11A060EC2CB2014644930B851A05EEEB927E6A0DF7894B33CC75E2B67D5C9907F2458FC5BBD3812820183CEBEFF2240AED17C5A5D6807F999D9DDF9B0576D3FFADF98D42BD69C7278C7F43344F35EDB3135E84A6B8DF97B05362DF11238CDA0E6C9B467C88401189E7E4DAE6EF8FC879891F71C57FD78421E671669CE36A12E88EC08463E27FFE09BFFED257E74B9F2612BECE6972F9A15C45F34F9CAD8FCB732735159A67A8A55093B865C29A852EFE6B248C708CF35D0CF1A39F816795029D42FB9E8983027C99D174D52CB09BFE5FCA7DA5602F2E359DFF4B78CD83A6B78F3D48004D61075E1D094860DF041490AB137E6982285C29E4E3DDF8A0B9887E0EBEA6EF91BB29DCA8AD7C79FC3439510BA059879A41823C762440CDA63CE21F8B47570212D83F0105E4EA8CF9BA2614970209F72509B822560E3A7E6902420CBE3F81F475D037418D81CE6B9AB9F87AA7E3997E925CE2B19CC0CEA15FDF780279D538D52B0109EC9380027275BA0C13A52D1DFBCCFC8C4B07F8B5E2A7B90491B843FCD452688E629410239268F24AB0478704187D56A2433CB072AE2B0109EC998002B21CF0AA8288A1A7CBEF30B406816F6F44CA08B2C6A95E0948E03002BBFEAE80EC4AD0FB6B1160A0C30D0E2267B0C32F1EF8752420818E0828201D81369A560930BC9726C4F250861817BFAE0424D0110105A423D046D31A0106277C67E3698C7663A67E23A823AFD14860E204149089FF0318D8EB33E28A793925D9F4552128E55C570212E8908002D2216CA3DA8900EB86316CBA3C849A0723E4CAB9AE0424D031818A02D2F19B1ADD90097C7312CFBA6171E6071DE63F3FF7F9470212A8464001A986DE88D724F0E05CC7322A71E6C76FE42F2B17FF735C0F0948A0220105A4227CA33E9400AB18379769678148562F46440EBDD90B5613F01709B44140016983A2CFD8070196A74728580180E7FF57FE7C718C7D47E278484002B5092820B573C0F8971160E91804E49A073FB20200AB0BFFE7C1B98E0424D003020AC83699E03DFB24C0A440962529E2C182968CB66203AC7DC6EBB32520810D0928201B029BC8E52C1AC9EAC2C7E57DD902176301495C0C3FCBDD731DBB25523BC04F18F7B1461593FDE8AF60A740FC7486B399148B55E2728EFF41890397BD4AD8ED9111561F9F308E77E60F7B94B047CBD7C4FF0D3196C567CB5E44E5E939E77776677C48FCECA2C812FAECEEC82297DCC3CAC8ECD8C86FAC9C4CCD864518592999A5F7FF36F7B161D8BFC765D746CE71D9ED908DB870112FC2D83A97DA100B67226CB8BF97FB7E21C6BE280C33668915AEE31C97738CDD1573998704C6434001E9675EB28115DBC4B277399B41DD24C964CB58C239E72BFD1B1346814AC14BE14921FC3D09FB95D8AFC65E18FBE5182EE784B3DB1F05225BCCBE3BBFB15F3985342EFB99BF2F61F435B05F09852BCBD6B3052EF6E6FC868BE1A7F0E43A6681B316157EC2B88F0295E5469E9D7BE804C7FF73F12316A49D61B96CEB8B9F30B6B17D747EA7B08F333F48D3CFC4C7DEEDEC0079A3F8591D19976D748FC93969E77D28E089FBC509237EB6E9657329D2C696BEAF4CF8AFC718BD755E5C0A7AF67E4798E0F91909635D2DE2E11C9778D98C0BF66C67CC16C3EC7EF8B5B9160124ED6CF5CBD6C46CD3CBBC14B613C6C598E0C8865B080FCBAE3C2BF779EC4EC027F4888002B23A3328A04ECACF27C7EE1E639F0F0A1D0A0D0A0736877A7CC27F20F6D818851D85D3B9F15358611462B8145814E434CD5090302CF51DB9EED531AE6148EAABE2FF9D18FE0BE2F2254C4178F1819FCE630A23CE9F9A3076372CE9F8D99C97428C028FC2EFD31286E0E0728E20BD216114E6A4E19CF84933853CEE33737E560C61E2EBFE3063A32C96B6DFC44ECCF3294C9B764AC23E2606DF38F3832FF73BC5C73B9256C48774F3DE708427B515D20B3F44E2C25CCFFB154141E4E085212E9C23740820C27851AEBF3276D8414D821ACAA5B9906731128C78CA7E30CC867F6D7E232F102CCEA9452122F74B38028F8BE5D44302E321302501E16B93E616BE264F4D16D2AC4153064D1014DE143C1416C52830D886F6FC5C4B73C75BE23E23461308CB695040F0F5F9A309A379E4A17119767ADFB8141618FB85E0B204C70313CE172DCF8F774641C3973A5FE88812CF213D144414B4B79ACD66A499A621BE8AAF379BCDF832A6C04624F80A3F36613C9330EC5372DE2C9C9B7EBEEE79F661F68A3C83B41D6614BEC44DF3D509B987E62A18500B6297406A14189CA921D1EC757CAE4378E2CC0FDEEB35F1D1D414677E708E98D044340F18C11F4693612378155F41021F21305401A1B0A490A14983E687DBE795F872A659E4B4F8D94190AF7DBE4CF972A7D0C6CF17E2EBF23B4D0D14D6146EB4A9B3A3E0A726BC797C62E384AFCD623493201EC5A881707FF38B9DC29D342E1ACD20F409F0554A7A49230526350836A5A2D06686355FBAEF4FFC7CF9D2E64E130DEF41ED24C1DB1F2BEE449C1E90DFA851C1E405F1539BE25D316A51340DD1EC4533D77FE7F7CB63D492F8AAE7EBBF5993393BBF9D796070E6FDA801F0E5FE3F09E7391F8A4BB3172218EFFCE0393433D15484702280882F824D3F02F9F8815C491EC7F19080046A12E89B80F0454A9B384D4234115168530BE0EB9FC203FB6080F1F54BD8DFC74F73074D3DB4F753F0D1CC413B3585345FF0F41DE4B22307CFC428B0F9F24708F8622E0240A1B558F013568C02ADF9154F01C9B328FC8B91A62311F6D4F37149176241814C814E1F09352ADE0721A636C5705A8C5A149DE308CD75731FF7C6D9FAE0398CB2A2E9AAF9106A87E41FB520C405D1A0B90ADEF0E7DAEBE4CFE9310F0948A032819A0242614181459F015FDA8803EDFBCF0B139A8428D8F912A51F82DA4682E7C7B5E77FAFFA0721411468CBA72F802F56BEA8EF9DCB10069A598A28501061D41AB88EC289A6A952F8F39CDC36DA838E79FA14A845201614C87D7A59FE1D201EF45B9017E429FF1E704B3AA99D15BFAE040642607CC9EC4240E8C0450828ACE96B6004D065414953124D26F41950A825E8A8072241B30AB5069A3010003A8679875BE44E4481F67746C8700D9DAB8CBE4118E8F8CC25933F681EA3D98921B4EBC2A0C989CE7E0A733AFFE903A2F98D7E0BC4F98E795011E7552EC381E9BCCEA5470E9AB3BE2A67CC346FDE477E96E1C0254FE9B36AF621BC2CF7794840029509F03F6B9B496028244D3CFC8FCF973D850EEDF6B89C53E8DF30119671FEF15EE5E0EB93A62984821A08CD27B48553C02012344D2144F461D06CC457F4551EE0C9520234412104882B05F6B28B98F3C08AB7883AF944F31FDCC9ABBBE506F294A1AB67C44F7317A3A01067FA3612B4F4A0939D6BE97FA2098C8B682EA37648C73B4D555710B886F1A1512E63C043F1EB4A40029508B42520740CD3E4C0D87DDAAC69BBA6A0A7E6B12A0E0A0E6A24D41618C14333D535C281AF558402C1A1339C4EE4047B6C4980D14F748237473F9547512BE0EB1E71A6FF895153F44120CEF42B95EBB67179161DEF8805F7330880304692513B246C5D63482F43A8CBF50857F1EB4A40029508AC2ADCD74D0E85035FA00C45A5D961D57D8C2AE26B135161D6308BE251A031BF823046E950D8500359F50CC33727C000029AAD16EF7C6F0298B18D68D3BF40F360825A39A8A530AB9B5158E431A3B5102546CC51C3A1D37ED388689A2CF7D094A580141ABA12A848601701A18640F3045FB8CD57E07F6E6A16141A1418F481D0C7417B37B50D866932F1EA7F9B37E9DF0B01FA29688A6A3E9C7CA11991B92D6D0A36B547960F61121DF35188F3E5F943ED86663166B8E774E383265166AE5FFEE14500000DBB49444154971B9B9DE9254C570212D8278115CFDE564018B544CDA1F958FA2C2898E858A56641A1419305CB4D34AFD3DF1D0146BA3563236FC8179A0F9BE1BBF81108864FD3C7F2988307D19CC9D22A4C5E64C6FD41F0C60EB3CF69122D37D2F7C5074A39D79580042A12D8464098A7D16C8F462058DC8E1A094D17155FC7A81708D0975482C89B360B5F465F31C990CE77E68DD039CFEC7DE6EFD0614E4DA4C4BD8DCB706E16612CF7326191A55ECAB9AE04245099C0A602C2481CFEC72EC966B90946EC30C3BB84E9F68700A3E24A6A9AFE12B68D4BB31833C6DF989B1925176746ED8339258C9863FD2AC2B6359AC2183CC1874A7906FFBE5805B84D012CCFEEC0350A098C93C0A602C268984282CE4C3A4699F455C274FB4560B1C0E50360D314327113A160A91226F0BD340F60086E9C192BF8D2A7429F074BBA2024846F6BCCEB61D877B3E6C4B3A8E1E26A1290408F086C2A20CD0E7304A447AF6252961060FE4D33B8D924D40C5FE6FFE404D2AFC52E80345531D49A023EC1339685A73F85F5C3E853D9666415CF691AEB8731649B6736C359ABAC79AE5F0212E809814D0584113125E95D0948894F7773028B35109A9828A8573D89498314D8EC1FC2028EF467B0EE15350F866133288267B07F07CF6E6B241DC389E97867E9F99236E26448306BA195305D0948A047043615901E25DDA4AC4180BE03864C974B19D27B494E58EC91C99E2C214FB3166B86310882FE2D96B767A32AD6C8A29F83452959999861D80CCBA6969047B476303B9EA5529833521ECA0A03349BB1744A09D39580047A46605301A1D39C5760B40DAED66F027CC5336993899ACD94DE3C270807FD160809F33518965D6A9834755D3FD7D0E7C510DD36E78BE4B1470EE68D30D1F1982321B31902C7F2FC085923586F1502462A81A310D85440584A9DC7D1AC81AB0D8300FD176CA685CB2296344F2DA69C61B77456B3FE15ABF5D2F7B1784D5BE7F47350332AF346CA7369C6A26FA5CD99F1E5D9BA129040CB0436151016D023098C9461990CFCDA3008B0A021351136B5A2AF81829ABE07D6A6423498F84793D73EDF86FD3F58C99775B6EEB21011FD2EF74A18CBDEC4F1908004FA4E6053012913B9684B67B679DFDFAF72FA7A1D3D9DE0AC3FC6C7C0BE138A40D1A7F1A644C4C65FAC5810EFFCA036F4BDF13D30D6455A128D870424D006814D058442A7ACA47A5612403B7A1C0F09AC24402D87E1C40C05E6C3A379211F24CC686731CE66B87E09486000043615105E89ED5F19C27BD39CD0C1DA9C319C200F09CC984DCE0A0574D0B3BFCB890B4CD8D48A559919FD450D64E1674F25B03B019FB07F02DB08087B7E30798C219D8808433F19ABCF5213FB4FB131F499007B8AFC5412C8305C56645EACA1D20FC310E15BE71A56656E6B1E491EE7210109744D601B01218D2CA0C7A432E608707E52FEB039113394CB6CE504794C8000F94D1FC6C57957EC117159FE24CEFCA0B6F1B8F81805C6282F36B7DAD7B0E044E32101097445605B0129E9A309EBBA39619F8F38B37BE6CFFB62344FC4F1182C81A3279C3922D434689E62AEC939B99CDA479CF9C150613681A2B3FC5609797A8CDAC795713D2420819110D85540C07059FE3009EDB8B8AF8C31E286652FF8CA645866823C4640E0D8BCC313626C0CC5228AD434E8204FD0FC6036F943E323FF192ACCC64F2C219F200F0948608C04DA1090C285AF513A454F4E009DA77C6DD2CECD8642EC5CC8A4B1E68CE35CE63100020F491A5F187B5BEC8C58330FD9D5F0F484D1A771B7B8ACD81BC7430212D881C0606E6D5340CA4BB304057D2265513E56757D407E64D90ABE5EF932655DA5663B797EF6E809815B261DD42E107F6A914C3E648E4682E7C745F94B8DF3B671EF117B4A8CBE8F381E1290C09408EC43400A3F6A21143CD74B00FB3BB030DEBBE3A799E36571591685BD2510174670D1F491608F8E09D077F1A8C479668C5A069DDEF46F349B1F118DB3F3FB8D623465D1E7E53E3081E121812913D8A78014AE08C5793961696E96D07864FC08074B56B0BB1DCD5B8CE03A3FE1349138AF2420F67430E081051259B6846569585284DA039342195587381035FB7BD08FC5E82A360D231C91610837BFF7DA4C9C0424D00D812E04A4F92697E784AFDBFBC6BD598C9A072BC0223074BCD249CBBC1216F263855804A6EB342659A33A8ECFDBB07CC84BE2B28CFBEBE33E37769F18ABDEC6991FEFC95FC2695E6494152E33C4CB0ACCF9D943021290C04708D42E9CDF9AA4B0C4054D5C7CE5D209CF4AB0CC2DC04F4D85C966AFC9752C3D7EE3B81EAB093071EF69F999010DF45F606FC8390B18C21861C8E9FC60355CFA2FEE9F336A263435B23707350F6A2009F690800424B09AC0D50564F5B5FBFE85262D8601B317051DEC774E84A7C5983FC09E166C7EC4B2171F4A18ABC63E312E7D2CACF01AEFA40E9A02110B3681629D296A6C8805FD4EA7864473782D4D54AC61C6EE82ACC07BBBFC4E7F134C1941F5A29C33143B8E8704242081F509F449409AA9A630A4A985AF696630B3FF085FD04C5CA4198C303A72195E7A456E7C6F8C261ACED9F382496C14A24C6463EF89FCBCD78361AC34C19D9058581C904503D9FA95C29A74606CE2748BFC4EB3114BC0DC20FE750FDE81381E9E1BDE154314100B4643DD35E7D78C21240CABA51F89EB480742C17D08C793730D42C29E1BF17A48400212D88D405F0564F1AD6852A19F84A553686E612F123ADB1111567465F410FD25D448988BF0CC3C80661C0A5B4610E1526BA1C90C7F111B3AF0E91FA0198D4E659A6FE8CCC7286C991C47F319CD4017E6990C6DA52319816B1ADBBC5E90DFB9866D60A935314A89E5D2490746FF034BC0D0714D6DAB3C0721784EEEA53641ED8B7934F831FA8388E7DCFC4E5AA891F1AE6CFEF4A4843130E1367161428D8461B5D4CC78FF3727DC6358044CAD040645602802B20895F924CF4F205FE00C37A5B98B77B956C2F822E78BFB61F153C832FC1411B834E72CB342AD84DA0C62C31062FA07D8AB824E659660A100C79818C72AB234F5D0114DED82B8D6AD39201E14F6ECAE87B11706E28188B09A3169A3D39AE7DD2169E35D1012C48BB8A9A5B04C08D7913E86DB96A62B6A58080C43A38923B77B48400212E89600856EB731EE37369AB3100B6A0FCF4A5414B214CCA7C48F68203434EB604C9843688A31328CC2FA30A3302FF7E0F21C9AA77866D368B6A27640B3158608D1B48510DC2FE9216D745A33128D45069BF7F2DC07E71A26F471DD3BE347FCE27848400212E807815109C886482FC9F5084D31467C51581F66347F957B7079CEDBF32C0F094840029322306501995446FBB212908004DA26A080B44DD4E7496092047CE929125040A698EBBEB304242081160828202D40F41112908004A6484001E947AE9B0A094840028323A0800C2ECB4CB0042420817E105040FA910FA6420212A845C078B726A0806C8DCE1B252001094C9B800232EDFCF7ED252001096C4D4001D91A9D377E98807F252081A9125040A69AF3BEB7042420811D0928203B02F47609484002B508D48E5701A99D03C62F01094860A004149081669CC996800424509B8002523B078CBF1E01639680047622A080EC84CF9B252001094C97800232DDBCF7CD25200109EC44600701D9295E6F96800424208181135040069E81265F021290402D020A482DF2C62B811D0878AB04FA404001E9432E9806094840020324A0800C30D34CB2042420813E1098A680F481BC69908004243070020AC8C033D0E44B400212A8454001A945DE7825304D02BEF58808282023CA4C5F4502129040970414902E691B9704242081111150400696992657021290405F0828207DC909D3210109486060041490816598C99580046A1130DE45020AC82211CF2520010948602D020AC85A98BC480212908004160928208B443CDF17019F2B01098C8C800232B20CF5752420010974454001E98AB4F148400212A845604FF12A207B02EB63252001098C9D800232F61CF6FD24200109EC898002B227B03E764C047C17094860190105641915C32420010948E050020AC8A188BC4002129080049611E8424096C56B9804242001090C9C800232F00C34F9129080046A1150406A91375E097441C03824B047020AC81EE1FA68094840026326A0808C39777D37094840027B24A0801C15AE3F4A40021290C02A020AC82A32864B40021290C05109282047C5E38F1290402D02C6DB7F020A48FFF3C8144A400212E8250105A497D962A224200109F49F8002D2FF3CDA2E85DE2501094860CF0414903D03F6F112908004C64A4001196BCEFA5E1290402D0293895701994C56FBA212908004DA25A080B4CBD3A749400212980C01056432593D9C1735A51290C030082820C3C8275329010948A077041490DE65890992800424508BC066F12A209BF1F26A09484002123820A0801C80D0918004242081CD0828209BF1F26A091C8D80BF4960520414904965B72F2B010948A03D020A487B2C7D92042420814911E895804C8ABC2F2B01094860E00414908167A0C997800424508B8002528BBCF14AA057044C8C043627A0806CCECC3B24200109482004149040F0908004242081CD0928209B335B7687611290800426474001995C96FBC212908004DA21A080B4C3D1A7484002B508186F35020A4835F4462C01094860D804149061E79FA997800424508D8002520D7D5F22361D12908004B623A0806CC7CDBB242001094C9E800232F97F02029080046A11187ABC0AC8D073D0F44B400212A8444001A904DE68252001090C9D800232F41C9C72FA7D770948A02A0105A42A7E2397800424305C020AC870F3CE944B400212A845601EAF0232C7E01F0948400212D8948002B22931AF978004242081390105648EC13F12E89680B149600C04FE1F0000FFFF18ECAA08000000064944415403006A562DCD4F37CAE90000000049454E44AE426082, '2025-09-16T07:10:16.6511399'::timestamp);
INSERT INTO "ReportSignatures" ("SignatureID", "ReportID", "UserID", "SignedAt") VALUES (10, 2, 2, 0x89504E470D0A1A0A0000000D4948445200000190000000C80806000000C615B7E200001000494441547801ECDD6BA8755B5907F065504137D2B08B456A454225194637C2B25233AD50B2901212C3A283158119F8A1CB07BB7CA98C8E19DA45C80F965999A295790CCC2285280B2C4CC3CC52E87483C2047DFEDB771ED7D9EF3E7BAFBDD79A738C31E7EF653C7BCC39D75C738CF91B2FEB61AE79591FB5F38F0001020408DC404002B9019AB710204080C06E2781F85F40A0958076090C2E20810C3E80BA4F800081560212482B79ED1220406070818113C8E0F2BA4F800081C1052490C10750F7091020D04A40026925AF5D02030BE83A81084820511004081020706D0109E4DA64DE4080000102119040A2B074688F0001022B10904056308876810001022D04249016EADA2440A09580764F2820819C10D3A6081020B0250109644BA36D5F09102070420109E484985BD8947D244080C02420814C126A02040810B8968004722D2E2B132040A095407FED4A20FD8D891E11204060080109648861D249020408F4272081F437267A348F80AD122070620109E4C4A03647800081AD0848205B1969FB49800081130B1C9C404EDCAECD11204080C0E00212C8E003A8FB04081068252081B492D72E818305AC48A04F0109A4CF71D12B020408742F2081743F443A488000813E05B69040FA94D72B0204080C2E20810C3E80BA4F800081560212482B79ED12D882807D5CB58004B2EAE1B573040810984F400299CFD696091020B06A0109A4EBE1D539020408F42B2081F43B367A46800081AE052490AE8747E708106825A0DDAB052490AB8DAC41800001021708482017A0584480000102570B4820571B59E32602DE4380C0EA052490D50FB11D244080C03C0212C83CAEB64A80008156028BB52B812C46AD21020408AC4B400259D778DA1B0204082C2620812C46ADA15104F4930081C3042490C39CAC4580000102E704249073206609102040E03081D32790C3DAB516010204080C2E20810C3E80BA4F800081560212482B79ED1238BD802D125854400259945B63040810588F8004B29EB1B42704081058544002D9E3364980000102870B4820875B599300010204F60424903D0C930408B412D0EE880212C888A3A6CF040810E8404002E960107481000102230A4820238EDAED7DB6840001028B0B48208B936B90000102EB109040D6318EF682008156021B6E5702D9F0E0DB750204081C2320811CA3E7BD040810D8B08004B2E1C1EF63D7F58200815105249051474EBF091020D0584002693C001D367FBFEAD33755FC40C5332BBEBFE2E515AFAA784DC51F57BCA1E2CF2BFEA4E2672B7EBCE271151F5FA110203088C0B1DD94408E155CCFFBBFB676E56515EFAB48B2F885AA5F58F14B154FAE48524992F8FA9A7E54C597573CBAE2D9153F5691E4F23F55BFB3E205155F57A11020B062010964C5837BE0AE25697CB0D67D7DC5532A3EA5E298F2E07AF3F755BCAEE2AF2BDE5C91E4F490AAEF5FA11020B0120109642503798DDD7844AD9B64910FF6248E248D5A344B79786DF5911569EF1D55BFAD2209EB19558F5FEC01818D0B4820DBFB0FF08ADAE51C11E483BD26EF29F9EA29910FF87C15F5817B5EF9F0C47BAACAB98FABE2EDB55EB653D5EEFDF9B3170FACE924AC17559DE495B6D2979A550810184D4002196DC48EEFEF5DB73691FA95357D6745CE653CB4EAC47754FD89151F5D9113EA533CA8E6F3617F557C5EAD97EDE47D1F5BD3D9F6B7577D47C56F55E41C4B556725C9244727492439AF72B6D01F0204C610689840C6005A612F9F5EFB940FF5C4B7D4743ED8934C6A7296926D2771245125913CAC5AF9898A37564C2589244736AFAD059F56A110203080800432C020CDD0C57CA8CFB0D983367977AD95CB7EBFBAEA24B3FDBE3CB696FD6BC54B2B325D95428040AF021248AF23B38D7EFD7AED668E847264F28B353D95A7D6448E467219F1D36AFA332A94130AD8148153084820A750B48D6305F215576E5CCCFD26FB4724B991F125B5F15C3196FB5172EF49CD2A0408F4202081F4300AFA3009E40AB11C91247274322DCF09FCDC119F9B1573C27D5AAE2640A0A1800472137CEF995B204721393FF259D5D0F754E4F12955ED3E79B7DBE584FBB3AA560810682C2081341E00CD5F2AF0EE7AF5C5158FA9F8C28AA93CBF269E54A11020D05040026988AFE96B09FC5DAD9D93ED559D959FABBFB927A52A65430276B5230109A4A3C1D0952B0572B2FD776FAD95676E4920B73054045A0848202DD4B5798C40BED29ADE9FA7007FDC34A32640605901096459EFE6ADADA0037F50FB9047B05475569E70F6D71F0204161790401627D7E00904723E64DACCF987424ECBD50408CC2C2081CC0C6CF3B308E47E9069C3FF374DA809F42DB0BEDE4920EB1B537B4480008145042490459835724281DC5CF86B7BDBFB97BD699304082C2820812C88ADA9A304A637FF724D3CA4622A7F334DA809105856400259D65B6BC709E431F0FB575DFD766DEE4D150A01020D04249006E89ABC9140BEB6CA7D1FD39BDF5B13F961AAAA1402046615B88F8D4B20F70163713702F9BA2A8F2DF9EE733DFACE9A7F6B85428040230109A411BC660F12F8C15A2B370EFE50D553F9E79AC833B1A627F4D6AC4280400B0109A485BA362F13C823DBF3C352AFAF957EBE62FF29BCEFABF93CCA24CFC4AAC9518A7E1258A78004B2CE711D75AFF2A351491C2FAF1D38FFA0C4BFAC653F529113E955290408B41690405A8F80F6738EE345C5F0AE8AFC6CED23AADE2F77D74C4E967F59D5FBBF5258B30A01022D054648202D7DB43D9FC0636BD32FAD7847C5332A72836055F794BFADA93B2A1E50E1A8A3101402BD094820BD8DC8FAFBF355B58BAFAE786DC5532BF64BCE6DFC702DF8D48A2FAAB8B3422140A0530109A4D3815961B77294F13BB55F6FAC787CC554DE5913B944F77E55E7EAAA5CB29B93E535AB3417D001029708482097E078E9688124869C147F736D29E7399E54F554723EE3D135F3D08ADFA8500810184C4002196CC03AEF6E7E9BE399D5C717567CB022778FE76AAA2CAFD9DDFFD69FE756E4D2DCA7577D57854280C0A00212C8AC03B7FA8D2739E40477BE86CAC9F01C6924792489ECEFFCAFD64CBE9ECA3D1ECFABE9FD1F84AA598500811105249011476D9E3E7F426D36092191A4903A91ABA5F235D4CBEAF59C9F7849D539BA4864799E4FF5E05A96CB71AB3A2BFF587F7342FC5BABFEF48A9CFFC8FCFB6B5A214060250212C84A06F2C8DD784EBDFFDD154908892485D4895C2D9544F2947A3D8F14795AD5E74B2EB94D72C965B7F97AEA736B851C71FC7ED5FF56A110585C4083F30B4820F31B8FD0C2B3AB939F543195B7D444CE4F24F2F554CDEEA6249123892CCF09F01C9DE4EAA95C729BCB6F73D9ADAFA7A225086C404002D9C0201FB08B794CC8FE6AEFA9993754E40EF08757BD9F24726491E49124F247F59A4280C0460524908D0EFCB9DDCE0D7D4908D3E227EE76BBE96BAC9CCFC839915C92FBC45AE1732A14020408EC2410FF0922F01FF52747155F51F57E22A9D9DD03EB4F92492EC97D654DBFBD225F63E5C1868FABE9FDAFBE6A562140602B0212C85646FAB0FDFC8B5A2D89245F59A5CE57584916B5F85EE5DB6AEE672A5E53F19F15CFAF904C0A4121700281613621810C33548B77344722F9EA2AE73C3EBF5ACF8D7FF911A7FCA053CDDEAB3CABE6924CFEACEA3C5137576DD5A44280C09A052490358FEEE9F6ED1F6A5379F4C863AAFEE28AEFAAF8D38AFFAED82FB98477FA4D8FDC372291ECEB9826B0320109646503BAC0EEFC7BB5F19B155F53F1A88A7CCD55D56D25F78DE43E92448E506E5B61AE05B64B80C0320212C832CE6B6DE5AF6AC7F235D783AACE575DF9DAAB26EF55721492732479D44992CAFDEFF5AA19020486159040861DBAAE3A9EFB4672B23D27DEF335568E4ACE3F923D8F3AC9D75A795E56CE95E47959492E5DED88CE102070B8C0ED09E4F0F75A93C04502B9133D4725F951A827D70AAFAAF8FF8AA9E43E92AFAC993C74315F6F4DCFD4CA7BBEA0962B04080C2220810C32508376F315D5EFDC7CF83155E75E923C16E5A26763E54824AFE771296FAD75335F95428040CF021248CFA3B3AEBEFD64ED4E7E3C2A4FE7CD955ABF52F317957C059623931C915CF4FA9A97D9370243094820430D5793CEE6DCC5A91B7E416DF07B2BF66F583C7F023E4724FBBF6058AB2B0408F4242081F4341AFDF5258F2FC9D55389C7CFD4BD248E1C6DE4047C12CAFE91C98B676AD36609103881C0AA12C8093C6CE22302DF589379806255BB1C85E432DDDD02FF726492CB83D3542EF9753E24128240870212488783D24997BEE15C3FDE766E7ECED93CDC71DA7E2E119EA6D50408742420817434189D7565FFFCC3DDD5B7FCBA6055B3961C6DE45E91D469288F4F593271A54D7123016FDAA28004B2C551BF7A9FF308F7DCAF31ADF97B3591FB3BAA9AA5E40EF544AEBE4A3D35B27F3E645AA62640A0130109A49381E8AC1BE7EF22FFA799FA97238DDC5098A38EC47E3339A1FEA6FD05A60910E84B4002E9633C7AEFC567DFB083399249E424FC236B1B39299F2BAE72A431DD819E479AD44BF794BFAFA92FA9500810E85C4002E97C801A76EF2D7B6DE7B7407EB4E67FBA2209201FFE393791E99C1B4942C8742EFBCD9144EE28FFC35A37EBBCB7EA5C069C6760E5F5DCDF91238F5A7C5B795D2D7958C57415564D2A0408F42A2081F43A32EDFB955F27DCEFC54FD5CC732A9200AADAE547A632FDCD35938490E91C61E41C469E6995DF0EC965B8F5F29525F782E43746CE5FF975E51BAD40E068011BB8B180047263BAD5BF31471673EE64AEECCA537B73C4919B08F31B2373B667DB04089C5840023931E88A369713D8AFAEFD999EA49BFB31F2C8F67C9D950FFEE7D66BF9E0CF8D7F99CFF2C41DB796E7BC494E84E7A9BC7906D697D6F244DE937840CDE76BAF9CF3A849850081D1042490D1466CB9FEFE5735F5848ACFACC8077FBE96CADDE8B937231FFCCFABE577ED76BB5C6A9BF92C4FDC796BF9BBAA4EC9155D790A6FCEA924F2755522AF09020406169040061EBC85BA9E04900FFEFDBBC3176A5A330408F42C2081F43C3AFA468000814B045ABF2481B41E01ED1320406050010964D081D36D020408B41690405A8F80F6DB0968990081A3042490A3F8BC99000102DB159040B63BF6F69C00010247091C91408E6AD79B091020406070010964F001D47D020408B41290405AC96B97C01102DE4AA0070109A48751D0070204080C2820810C3868BA4C8000811E04B699407A90D7070204080C2E20810C3E80BA4F800081560212482B79ED12D8A680BD5E918004B2A2C1B42B0408105852400259525B5B0408105891800432D860EA2E0102047A1190407A1909FD204080C0600212C86003A6BB0408B412D0EE790109E4BC887902040810384840023988C94A04081020705E4002392F627E2E01DB254060650212C8CA06D4EE10204060290109642969ED102040A095C04CED4A2033C1DA2C010204D62E2081AC7D84ED1F010204661290406682B5D93509D81702042E1290402E52B18C00010204AE149040AE24B202010204085C24B04402B9A85DCB081020406070010964F001D47D020408B41290405AC96B97C01202DA2030A380043223AE4D13204060CD0212C89A47D7BE11204060460109E4525C2F12204080C07D094820F7256339010204085C2A20815CCAE34502045A0968B77F0109A4FF31D2430204087429208174392C3A45800081FE052490FEC7CE1B1E6A000001A649444154E8663DF42E020408CC2C2081CC0C6CF304081058AB8004B2D691B55F0408B412D84CBB12C86686DA8E122040E0B40212C8693D6D8D0001029B1190403633D4E3ECA89E12203086800432C638E925010204BA139040BA1B121D224080402B81EBB52B815CCFCBDA04081020704B4002B905A12240800081EB094820D7F3B23681CB04BC4660530212C8A686DBCE122040E0740212C8E92C6D890001029B12E82A816C4ADECE1220406070010964F001D47D020408B41290405AC96B974057023A43E0FA0212C8F5CDBC83000102044A400229048500010204AE2F20815CDFECA2775846800081CD0948209B1B723B4C800081D3084820A771B41502045A0968B7998004D28C5EC3040810185B4002197BFCF49E000102CD04249066F4BD34AC1F040810B8998004723337EF224080C0E6052490CDFF17004080402B81D1DB9540461F41FD27408040230109A411BC6609102030BA800432FA086EB9FFF69D0081A6021248537E8D132040605C010964DCB1D373020408B412386B57023963F08700010204AE2B20815C57CCFA04081020702620819C31F843605901AD115883C087000000FFFFAC9FC7270000000649444154030088F85BA0AAC1F0A50000000049454E44AE426082, '2025-09-16T07:10:16.6512168'::timestamp);
INSERT INTO "ReportSignatures" ("SignatureID", "ReportID", "UserID", "SignedAt") VALUES (11, 2, 1, 0x89504E470D0A1A0A0000000D494844520000012C000000960806000000645BB5D200000E85494441547801EC9D67A835471D878F8A28A8D88DBD60038D4189DDC4A8180B68C48AE5838A622F2896A860FB606FD840C182088A6241C51A51636FD84B8CBDF76EEC24BFE7E6EE61DF73CF3DEF697B7667F67999FF9DD9D9DDD999E77FDF1F33B3B373CF3BF19F04242081420828588538CA6A4A4002938982E56F810424500C0105AB18576D5E514B9040E90414ACD23D68FD253022020AD6889C6D5325503A0105AB740F5A7F09CC2350699E8255A9636D96046A24A060D5E855DB24814A092858953AD66649A046020AD63CAF9A2701090C9280823548B758290948601E01056B1E15F3242081411250B006E9162BB53B023EA924020A5649DEB2AE12183901056BE4BF00365F02251150B04AF2967595C0C8096C285823A767F32520819D1250B0768ADB874940029B1050B036A1E7BD1290C04E0928583BC55DF4C3ACBC047A27A060F5EE022B2001092C4B40C15A9694D7494002BD1350B07A77811590C0F0080CB5460AD6503D63BD242081030414AC0348CC908004864A40C11AAA67AC970424708080827500C9E61996200109744340C1EA86ABA54A40021D1050B03A806A91129040370414AC6EB85AEA5808D8CE9D1250B0768ADB874940029B1050B036A1E7BD1290C04E0928583BC5EDC32420814D08F42B589BD4DC7B252081D11150B046E7721B2C8172092858E5FACE9A4B60740414ACD1B9BCAF06FB5C096C4E40C1DA9CA1254840023B22A060ED08B48F9180043627A0606DCED01224208123097476A4607586D6822520816D1350B0B64DD4F2242081CE0828589DA1B560094860DB0414AC6D13DDBC3C4B9080040E21A0601D02C66C094860780414ACE1F9C41A494002871050B00E0163B6047641C067AC4640C15A8D97574B40023D1250B07A84EFA3252081D5082858ABF1F26A0948A04702450B568FDC7CB40424D0030105AB07E83E520212588F8082B51E37EF9280047A20A060F500DD47AE44E0F85C7DFC643279C0E45C7B4862EC56891BBBFA7EFAD2892F1633544A40C1AAD4B13D36EB0279F6CD63378DDD23F6B2D873639F8C7D23F685D86763A7C77E18FB67ECEFFBF6B3C4BF8E9D1DFB438CF84B89B13724C65E9318FB58E2C6BEBF9F3E633FE67AEC6B39E6DA7B2636544040C1AAC0893D350161BA599EFDE81842F281C467C6FE15FB740C517A7BE2C7C64E8D9D103B3676A318627662E2ABC52E18BBD0BE5D31F13131C29FF3E3E3B12FC7BE157B6DECBD31F24813938FFD3BF9848BE7C7F5634DAFECB8A4E98DBD2DF1576286C2092858853BB0E3EA5F26E523384F4EFC8ED81763FF8FD1FBF94BE2CFC45E1E63B87687C4D7882D0A3FC8C94FECDB07133F27F6AC7D7B46E23BC7AE12BB758C611EF10D9346E81E9AF8941879A489C927BE64F229E7E4C4B78F71FE05895F1D6B0242F6CD1CDC3166183481C32BA7601DCE668C672E9A463F25C6B08D61DA6F926648F7BCC4778B211EFCCE5C22697A5889A6E18F4931CC7B7762C4839E176272DD1C9F67DF10B466DE09E1785AF29FB96FCF4EFCBED84F63F49E122D157E97ABFE11A39CD3127F38460F0C917D64D23788713ED184BABC90845626017EF9CAACB9B5DE1681DBA4A057C4BE1B631846AF87611BC3B4641D08CC2BD1B3E29E87E52CA2C4B5F4724ECAF15D6388C72B13233CDF4EDC67F86A1E7EEF5813102DEAD71C1B174440C12AC8595BAA2A6FD1981447989867FA68CA7D54ECDAB1798161D4AB72E2EEB15BC4CE17237E4C6226B411A5B3921E72A0E786B03675E4654093362E8880825590B396ABEA81ABAE9C1C7A14880BE2438F874971867E4C7EE7F411E17B397A518CA1DB85135F2F86A0BD33313D2B7A5849161710D6A6D2F4B2685F736C5C080105AB1047AD514DE6889874FE49EE65429BB765FC47BD5C8EDB81B9AA7725E3893126BAE969916672BC99FBC9298304FA27A060F5EF836DD78057FA6F4EA1EF8F3D3C7658600DD47D72F2B23126D4E9559197C32AC3B5665AC55BC3992C0F874E40C11ABA8756ABDFE372390B26EF97F8B0C05BB2BBE424BDA9B7261E4B2F8A379C69EE34F0A2607A50686274D556B0EA703913E2CC4FBD644173586AC070EF49B9E63DB1B105E6E3DA6DFE45FBC074190414AC32FCB4A896CC4DB1D29CF9A979D7B1FC8015E54CBC33A13EEF9ADAF39860E72543BB9D9F6A1F982E83808255869F16D592B77F179973018B2759B0C9F2831FCF393F962C86C77C7378D55683F96488EF0F5B59264B203066C12AC13F8BEAC807BD3F9A73019FBFDC2BF97C9E9268D481F563BC806843E0DBC337B5334C974340C12AC757ED9AD25BE0835EE2269FE50B2FCEC17562F420128D3AF0F2E1113304E869F2FD210B49674E7958020105AB042F1DAC231FF6B673F9DEEF76C97842EC3FB13107E6EA58DCCAF28E360716BE3297D7CE335D180105AB3087A5BAFC87643898E45EE0ED1FCB19C63AA1BE07213F985867253E8B6473380D0C01EF9B23DEA42632944C40C12ACB7B4C1EB7FF43F2661001EBBB15974A05B0449D0504695EE1374926C363D8B03F570EA7816F251902BE659A63A268020A5639EEE33F64F39F962D55F89897EF02FB6A01432EC4927A511F8C9700F4727873C93986619F4B055976C131C639EE210F631B1A7A8CCC37719E34DBD9605CC7F00E6BD288508ADC0B6CE847F9DCB397D1FAF1C6A49F1A33544440C12ACF997CC4CB3E4FC47DD49E897E4487496D7A7B8D885217CED1CB616D18E7D86A861E101BFC718C718E7BC8C3D800901E126FF4384F9ABDAC30AEA3DCB6F1C1F62F9381DD29F16C785D32784BFAC0C47D31CAA30D5D10584AB0BA78B065AE4C801E15F355C47DBE0564821FD159B9016BDE8030B1A7157B753545F00137D61CF3F6AF61F3E064F6C9278F37744540C1EA8A6C37E53264EAA6E4E54A4524F80E71F66A4485DE0CC2D118C7DFC985C40CCF10148C05AD4D1E69F2D855822D9319DE21C818F96C02C85B4F3E54661FAF147744F87C8EF8809BB77FB0A1DC64196A25A060D5EAD96EDAF5BF9962E9F9B019E015928FC8201C8D71CC9A30628667080AC682D6268F34790CFF9E9F32F883138F4FCCCE110C0FD9878B6166B2A6E1BFD3D464C24EA27CC0DDCA3259330105AB66EFAED3B6E5EFA12775CB5CDE9E04CFE15281B929D68D2152FC351BFEFC1793EACCCDF1872898D09F2D88C59E5C77FEFD133F4FCC1FC34864180B01056B2C9EDE4E3BDB5BB2D0F399DD638AA7F0A7BA10243610449498EF62929E8F8D11A5E68DDF8772313B4730DCA3AC1CEE853FE527FB72310FF5A0A4D916866F227923CAEEA7C9DA0BBFCACFBFC50C2322A0608DC8D92B34158161BB9ADBCEDC43AF8ADD499B6CDE14B2348161DD47928920F1C75089D9401051A22C448B7DE011B25C7644601E8ADE13735608135BE0B057176FFA5E9F2B1926F23D20E296C369207F7A60621C0414AC71F8799556B21E0A8161512A22C47203D639F1474A29E7EBF9C19AAB447B81A509CC37216EF304891E533329CF5EF24C8C234E08127F5A9E650A0C03113D0A6C97CD9F056399033B2E70AEB19726C1703291617D02E5DDA96095E7B3AE6B3CBBD11D0286689C9107D373A2978558FC35C7EDC0273088116FFC1024C4A6E9313593F227E40626DC1127867CBFCFF1BCC010F1E93971660CB14C340D94CFC43CF598669A180701056B1C7E5EA5957C588D20CDDE436F881E140B336F9C93F78FD1EBE2AD20E78ECD3162C4C43982C43637C99AB47B4C1C2F32C4895D53198E227AB3D72272D86CBEC72321A0608DC4D12B36F3D45C8FF8200EF49A72380DFCCE309C632E8B792A7A4387F594A6372D4820760CF9D8B2989E1C1F72B727F79B5B11419E3B5B9FE6BCF10808F0CB37826676D1C4EACB4418100884EB4A692D69961524390D7C86C330913DE2E97D4D4F2C91A0378540FD36D732A97EF9C4F302DF0BF2EC793DAE79D79B57310105AB62E76EB169AC79A2B7755CCA64A12893DE494E0393E68D70D1136A8C097984AC31048AEB58DA401AD19A16D24AB0AC8155F02726EF9418CF4E64183B01056BECBF01ABB79F85A24C7A5F33B7CE0A09C2C51BC3C658F28040358640215EB9F540E00FBAF2790E3D3AD666B10A9EB55B072E3463BC0414ACF1FA7ED396F3471C18AA31F1CE443D6F095799606F9E8FE8F1C1F231C960B12943D1A12D084DD50C4320A0600DC10B65D7815D14F81690B7842CFA3C39CDA197C49CD3E94923408D358B3D39E66D22F356881E6F1ECFCAB506092C24A0602DC4E3C91509B048F4B4DC8320318F7552D2885763CD67361CB39E8ACF6B72894102CB1150B096E3E4551290C00008EC42B006D04CAB200109D44040C1AAC18BB641022321A0608DC4D1365302351050B06AF0E280DA605524D0250105AB4BBA962D01096C958082B5559C16260109744940C1EA92AE654BA066023DB44DC1EA01BA8F948004D623A060ADC7CDBB2420811E0828583D40F7911290C07A0414ACF5B86D7E97254840022B1350B05646E60D1290405F0414ACBEC8FB5C09486065020AD6CAC8BC4102AB12F0FA6D1150B0B645D272242081CE0928589D23F6011290C0B6082858DB226939129040E7040A10ACCE19F8000948A010020A56218EB29A1290C064A260F95B200109144340C12AC655A3A8A88D94C042020AD6423C9E948004864440C11A9237AC8B0424B0908082B5108F27252081AE08AC53AE82B50E35EF9180047A21A060F582DD874A4002EB1050B0D6A1E63D1290402F0414AC5EB06FFE504B90C01809285863F4BA6D9640A10414AC421D67B5253046020AD618BD6E9BCB22606DA70414AC290A131290C0D009285843F790F5938004A60414AC290A131290C0D009D42F5843F780F59380049626A0602D8DCA0B252081BE0928587D7BC0E74B40024B1350B09646E585C327600D6B27A060D5EE61DB27818A0828581539D3A648A076020A56ED1EB67D12A888404BB02A6A954D918004AA24A06055E9561B25813A09285875FAD55649A04A020A56956E3D6AA3BC4002451250B08A749B9596C038092858E3F4BBAD9640910414AC22DD66A525B03C819AAE54B06AF2A66D9140E50414ACCA1D6CF32450130105AB266FDA1609544E40C13A8A833D2D01090C878082351C5F58130948E0280414ACA300F2B40424301C020AD6707C614DFA26E0F3074F40C11ABC8BACA00424D01050B01A12C61290C0E0092858837791159480041A02E7000000FFFFB051C244000000064944415403003B479A3C405C919C0000000049454E44AE426082, '2025-09-16T07:10:16.6512299'::timestamp);
INSERT INTO "ReportSignatures" ("SignatureID", "ReportID", "UserID", "SignedAt") VALUES (12, 3, 1, 0x89504E470D0A1A0A0000000D4948445200000190000000C80806000000C615B7E200001000494441547801ECDD09BC755D3D07F023515232441A10CD8434C8949294CAAC0C1993484A8A642A99A7243408190A21B306A94C652853654AE61095218D64FC7FEF73D7FB9EE7BEE79E7BCEB97B9FBDF7D9BFE7B3D7B3F6BCD6FEED73D76FFDC77DB945FE0581201004824010D8018110C80EA0E592201004824010582C4220F9150481A11048BB4160E208844026FE02D3FD20100482C05008844086423EED0681201004268EC0840964E2C8A7FB41200804818923100299F80B4CF7834010080243211002190AF9B41B04268C40BA1E0420100281424A1008024120086C8D4008646BC8724110080241200840200402857D97B41704824010380004422007F012F3084120080481211008810C817ADA0C0241602804D26E870884403A0433B70A02412008CC098110C89CDE769E3508048120D0210221900EC19CC3ADF28C4120080481864008A421913A080481201004B6422004B2155C393908048120301402E36B370432BE77921E0581201004268140086412AF299D0C024120088C0F8110C8F8DE497AD40F02B96B1008021D231002E918D0DC2E0804812030170442207379D379CE2010048240C7086C4C201DB79BDB058120100482C0C41108814CFC05A6FB4120080481A11008810C857CDA0D021B23901383C0381108818CF3BDA4574120080481D123100219FD2B4A078340100802E344600E04324EE4D3AB20100482C0C41108814CFC05A6FB4120080481A11008810C857CDA0D02734020CF78D00884400EFAF5E6E18240100802FD211002E90FDBDC390804812070D008844046FD7AD3B920100482C0781108818CF7DDA46741200804815123307502B951A1ABBC77D5F7A872DF2A5F50E58BAAA8BFB06AEB3F5AF5575771FCFE557F7E95CFADF23955EE55E56655AE5BE53A55B204812010041681E06C04FA2490773E6E5EFD2EC7EB6AE52D6ADBFE77ABFA2655EE5CC5407E87AA3FACCA3DAB7C7F954757796C952756F9D92AFF50E59FAAFC63953754F9D3E3F282AA9DFF5D557F47958757517F7BD5D63FB9EA875671FC91553FAACA7757795C95EFA9F27B55FEA2CA5F57F9B72A7F52E5F9557EA8CA0F5471FD0757FDD955AE59E5AA55AE57254B1008024160B6083402B94121F02955CCC80DDE064D83F6F7D63E03B841F8FB6AFD0FAAFC59959FA9F2A42A7F55E5E7AB188C9F57F5AF543168FF6AD5CFAEF20B557EB9CAB3AA3CB3CAAF55796E15C7D57F54EBEE4B3220217C456D7F55958754B97C9537AD62F9EFFAEFD555F4475B06FE2FA9ED0F592A06F837A9ED5D0A126BF7229D3CACEE8368F4B756171F59FF7D5295AFA982C85E58F59F1F1738203A4404BF7BD7FE9B5679D72A592E8BC0DD6A179C3EB36A389B34D46A96201004A6860002796D751A29FC70D5FEA83FADEAB7A9F29755CCF891C62FD5FA4F56F9FA2A065183AB59FCA7D7F6575631DB4702AE7F406DDBFFA1551B78D5B73F5EBF4DD51F54E5B6556E5DE54A55DEAF0A09C4CCBE1DA74A720F83F1E7D571EA29DB069C56481388A895E7D479BB2E7F5C17B6FB5077FD446DAB4935DABE7B6DDFA78A3EEA2B82B87E6D233CD7FD6BAD93A6F40D3E3043AEA4A4BFAF63C814D150A791B45C4F8AA94307BA5CFA586F79BCEAF7F27FB50E5B13009314938567D43EFB114BAD66090241602A082090575467EF54C5CCFD03AA36B87F4CD50643C5CC1A81FC62ED43223F52B599F96F544D8A7851D55449BF53F5DF56B1BCB4FE53AA5AD8A7FC476DA81503ABBA764D6EF9E7EAF1ABAA5079B5C190C4842411CC3BD431EA2D120D02246151B95DA3F693B2E08960DC037E3F56FBBFB80A62AAEA6016CFE3F783281004C9EE95F574A4D26FAB1A2923DF5A3D5A60A9C0E96847FE0B024160DC08201003983FF2BFA9AE7E7395F7A892E57C0890DE0C8E6C2806D14FADDB21E62B578DA8AD93D6A8F7AE5DFBBEB5CA53AB186811ABEDF7AF6D76A2AA26B190A848A1D49854939E8F84F1EED57B58989C20D78FAA6D84492243B2547D88B5762F48219C1BACA7048120B01B027BBB0A817C79B566D647F5748B5AF7C7CF88FCF1B59EA51F044870C885619F4A0FA9BC6735452546D24338BF59DBC88474F74DB54EE557D528962B542F4818242F522909EB65B50FF1214736226A4124D2EC4BBF55C7572D262E48F6C9C70739511CAFA60A024160CC082090D63F8671F68A6BD50E46E12FAD9A1AEA11551BDCAACAD2230288FB1BEAFE66E0081DA9DCA5B6CDDE19F07FBDD65F538511DF4CDFCCBE367B5F78CDB165B1733DBD5AD34FEA4812137B8F89C63BD6FEA7544104A40A4672520592ACDD1B2D8D6090D34617E4A420100486456099405A4FCC2411C82D6B87818041DD6CF825B5FDB555F635705553B35F9E56087022E05420DEE5CB6A1BB1706630C367BF220598E5738DAEC39D2CEC393F5577A28E2221F0B41357F3E1B58F8AF35FAA76FC815553B5F196FBC45AA7024578AFABF56D17EED3AEB9B9FF862C693B080481CD10584520CB5752A7F042BA4AEDE436CBD3C8C0F587B54DF5C5585CAB59F680004F399E4C1F5D6DB137089E34E3378033C6F3FA2245527FB12BD4691B2F24886FACB3BD571E655CAE3FAEB6A9A310085B8DB648A8DABD5A1DBB6B152EDBBF5DF5FF56E972C924A54B3473AF20D013026711C872B354276245DEBE76526788BB100BC10B8BEE5E24771DCAB22704E0FE986A8B2DE2C655F3A4E319F719B52EB052CC0CE9E5B36A7BD572C5DA29409247181B0695254946FCCD13EA18F7ECF7AD1A19210E2A2944A2DDDADDF9A2DFEDA68CED6D3D751008022345601B02698FC08D956B2A7586992832B9551DE4D6FAA2C562C1F3E686B59D657F082000A421E093115A9C0915D31BAB0BEC143F57354F3BF13BEF55EBC882FA4BAC8B7319EBA92DBDD3B7ADE306736A32AED9B5B997850B746B88D4D3D653078120305204762190E547A10B7F7CEDE09AC956C2BFDF00F5E2DA67A6CA2B07B9D466963D2220250BF5A377C34D18615073513BF190A2AEA296FCFDEAD383AA903218E605F589FAAF5D7B5D48434D82A50E7BF95E5B4F63412008EC84C0790964B9518171BC6E78E530E87E5D1DA45B171C261AFB3B6B9BBAA5AA2C7B4240DCC947545BDC80498D3CEC5E5FDB8CE322F9394CB06D2012DBEC1E3CC0EA94BD2E488E215EA37E9343F441DB532FE97F10D82B02FE58FB68909B27E29016851B28FDBC24889F508D31F60A5EB49E81A200E969914DE077EBDE22BF498824425E531C1F6E57FB795571CFB54D72A4CAA2F6422AD4615458D2CCD4A9BD2FA4D6D6C87FD64A545805429620307604FA229093CFCDBB478C83C0329E5C062C418B062CFEFF5C51E5BAA24A39796DB6B74340C6602EB13CB2D8A2E43313AC8820784DB1972CDF11B1CB83265091E4886CBC13DE5C6AB612AA30B695E5EBBA5CE755D6EE475AA5C66ADBA9834010182902FB2290938FCF38CB2D587A0BE92B0C6266CC920E221BC65E06DDBD7AE39CECE4C4B611B2142ABCAFDEBAFA2E1E432022F510EF2C69526AF7DA85E44862E1BD4572E4B22B1BF307D655F2A12126B9BC78E0D5AECE165E64ED660CFA6D3D7510080223466028025986C48CD3A047FF4E3A11F56EB0422066D1F4F5C846A0DAB2AA63F91E735EF7312C2A27A40C3F52C36D0A1011E102116B75E785DA8B579D20460184C84490A1542C54911FBBF39D2FBE7099404C262E3E9AAD2010044689C01808641530063E5F1334F3A54AE195232641BC89B8859666DD80B9EAFAB9EC43AC3E864552201D88F920D5497BD23506F2A3091E85B9774152617827D970114664BBB429B27ED9534FA0EA2EF7C9359346209D9F2202632590652CE9F07977F9960629E47DEAA0FC5C722689719066C5AC5B3C8AC038693FEA94835E486222D3A50E3180FBC816C9CD40BE8F0727EDDCBF1A6280E728C1BE82C8041A8A5EAF431B2F0253957681F7D9D653078120306204A64020ABE093D0CFA0493A31E396CE8354E2E34522A8C54030187325669CA72261205E75AFA9ED930D805ACF5724A51D613B62B340B4FB7E1636130678A4AEE803C984A1DEBBD9A43FDEDDF279DEEDF276D683401018290253259055700A9013EBC00B89FD04C14835EE8B8BB2D992501880A9C1242594534A9CCAAA7B8D711F72E45A4B1A132D2E7683D421D1E118FACB0E431AB97A75E607AB0850949D80DD649D779D342975FAD1F2BCFA5FA683AAB20481203076040E89404E624DC56350FBE93AC0102CB3B00F1949EBC1C6E2634DBCBDC4A4D0EDFB629ED93D03F41889452A75FD147067D64FF212B3518F37AA45A022826697F18D193583BB2F5932C49FECAC40C7B6AF7D13A46DA70E024160C4081C3281AC82FDD5B5938A84B4C2004C32517EBCF6D3DF7383959349AA0F9E60F4FC54606C2F77A873862016C17C0CD8E234E4B6F2BD107D1270575D1AF5429D85E8F4FDADAAA7B017154FFD569B0B6AAF65E9C4F9F6A70481E92030E39ECE8D404E7BD588C397FFA4267F529D24853DC230EB67D425CD8849A106635B79709DC3D6E2FB28D465F280C92D55BB3B5D0CBC66E56C38321F335053C3319C77DA50CF3793874BD43BB2E02D462224190A28D5B4C041DBBE39633B250804810920100259FF920C68F4F85461D44624116A19DE4F0CF452DC934A18B27980895B4140625AC448B0B3340F23E7AD6FEDD2A357AA556947B8E30A043400B315F036AB43935DA428811DFB88ECBFD4851E866445C5653D250804818920100239DF8BE2BACA60CC7D966480341089019F915B34B7F42D8887A794D42D241B6A33A4C30DD6C79396C945565A6EB266E7FF53DD93E6C5357F57EB87B2B0DDC88376B9C5E2E8911008B5A1320737ECA387CE7F4160EA088440FA7983F24749C92103B194F66C2CD43632152316AA32E4C29B4ADA11C67C04235F984049A42255FE43AB7BA41F312FCEADCD8359EE73FC2448F2DEB5EE8355D481020991317C6A7796201004C68A400864FF6F869B2A550E7BCAF3AB793616AEC7A417D1F76C295285D8279E821A8C8718CF264668598EB92253033DAEAEA72EA3DEE2ED44DDC5CE50BB47BD30A2B7F80F86739E703E6E75F3EA3509EE9655B34BC147D47B6D66090241A06B04CE7BBF10C879113CFFF55C5B253B94ED56B0A358163371F615AAB17B5513E23F10C64D6A9DE1FEA9552313528E34209226925ED848B8CC925A483A0CD36C0D66F4D29CF8D2A0F6DEA9AEA7361B4AAAE149565D385A3C63730A604C17D7C23B8B7A4F5E2CB12154828D708E2ECA7F4120080C8F400864D87720AEC3E02835899EF84687942D22BC6DAF2AB21523081E6248834718833B12410C7255915EA8BF9C4315260891EBAFD42FC8E7A57563D20DB2F1F542DB3CCD380A28A4017133D46AADF004A35A53B451B7D869B95A5DE55B30552D3809200CEB270B294D6A79F13A5C96496ACE8F447212A96C0781811008810C033CCF2C0339C9820D848BAEC1526C8A5895F3F40A21F890D453EA26B21C231201925C80D91518A9C5BA30624B3722B25D1A18AA31520935980877EAB1C7D43D5A118BC23EA1502FBDB28E51C7FD7BD5488A43013250046BAA056CCA0820E923A2F3695DD290367C3A97EB3469C4F74A1469E215DE59AD202B1E6FCE23319148DC976ACF33C93AAC58F77CD59D3D2D692608CC1C8110C8FE7F0006C61757B377AE6261EF10EFC116607B1F85F4413D84641E560D2ABCBDA46A37102310597215F12F82010DD2BCC7101283F713EA3A6A34467F52D1B56A5BAC83C26032000010004944415487820CD5BE4469E0E7BA2B809097155B4F9DBAB87CFDE71882794EAD2BB0507CCB64B908F24468D46F75EAC27DA9F8E404734CB14E6AA10EDBB590EC9E510DC8A5269054FDCCDAB64E9AD357448810A9146536503C2FFB8D6FB22824BEBA2C4B10386C044220FB7DBF5454064633692DF3D062EF90AEDEF6180B49836D45BF7993B1C1201CAA3664D30AE905E1B4E21991CE721184E919FFABFE133383885AE189863C3629D459A49EBA4DA70B47042ED377ACBBB249A991AA75EF09E1214284F82D758EF7A790B8487DDCAF15F9D75E55C749683CF21036176ECFAC38DF75EC5BEE79BF3A97E380F69B8458BBB2048171233020818C1B981E7A4755C4F3CAAD5F53FFF19E32935D67EFA8D326BB8838473AAD7014A0A6F240E23EA8D510512B02341B199D55FB4E0C5B8A3C5AEC376C2337AC1B37F2DAA436505FBFAE5926B8E5759212A703A5915CABA90691E949B2D397BAE5D172D5FAFFEDAA50572257EF5BEC8F426221B950E7916AB87BF33823015141CA6A8CB81B868FAFFB680FF9C8802069E57D6B1F6987E447CD579B5982C07E110881F48F377B83193C23B6D60C103C8A0C06B6E7526E570F6A965DD582BAEC0D56CE59D89190C895EB3E9C00CCE86B75A385079B2C038DE04ED65464D4744A23B9567330A0CE3B49746C30CBE485449649C93A69A3111149061951BF2123B6307DF20008927D8CCA93071DC703E44302D427F632D28E2F7AB24949ED0F036A45D28E40D4A62675BF9420D039022190CE21BDE88632E752574888E800D50B2F228668DB732A0CE19E97F465D0B4DE45617F617F707F337AA4C2BED2C5BD77BD0742432E241C84B04C4E8FAA9B3622E254808C90ABF3C5C7B8A69190C907E9429C0F8707F617D793641BE9F8EC70DD72211F9BEBD989483B3CF3A8DBD883B4C771C1794725FF05812E1008817481E2EA7B1810782E5133388311964E9D5EDCF69C8A99301CA8AE0C9A6C045D3F3FA98634429545056430EDBA8D75F7936D986AC9C0AE7D35BB881434625DD65D7BDA31B613122B2701B9C2D85D4830024E1BE9B09B34C2E1F040CA111B8440C4019176644120A9708926D99CD65EF60781AD1008816C05D7C627FB0366146E83987C5966857D0C9C1B776AA0134961D42E9AA7B6F2912FEB7D14D207E2A632A4CE11C1DF473B66F9BCCC3805200A6A23DE68544BDA4726CBEDCA87C6E6B2BCAF8F757613D20E7B8ABE913C1404A33DAECFDCA4918BED9420702E044220BBC0B7FE1AB35083A499A119373582C0BE433596AF4763B130D0DEAC4EA24A116FC22BA9367B5BCCB4EF5E77971599BA87A3C2B66EB5FE2ED86B0CFCAEA71A4310EC0CAFAB7B230C712E0CD90803A130A08B9931E3270518B4E53CABD38F162EC6472B03FEC76E422A62ABE1523D6057D2F42120E00FE5109E632CCFC0B5F5E1D519FA660325174D39AC240CACDDB35BD802CC803DB80194EBAAF5BE8BAF2222727603866A31266C0B27DB452CD2C3DCB30EF08AE2D8A09FDE97593CD593EB19E76F5AE7B03354B52075D8AF8D46166A128FE765E761EF6AB62FD280EBC650101D6908B1CB2A30863EA50F13452004D2DD8B33D8200F7A6879A804BB515D75D7C2F4EE24E32E494CD4F923AAFB74FA55ED654102EC060649B9B57CDB051150A7B147313E230B4678F9C7901B2F27B3731D246DF08C2235912AB81D7B16A4C3FEC0962309249591F35B618341443CEDEC932EC6B35B1FA27025469277ADC6A5CE219971232659B1D1D5EE492DE9EC881008819CFF65506198915277B81BD74A2A1424627BAE455660D297E717D12D0EC6FA3E8B3E2004242078912A4A1C85A040D1F60CCA2DD6425A191E5124892B56270DBCDE2DE98454213F18D2A943A72EEE293D8B9C64ED24337D6AB5B6DD774DFAE54CC0702E3D8D7C699C18A8DEC492C8764CBD261D4CDF7DC9FD0F1C8110C8F95EB099DC13EB16069AAA1666BCFCF519706DCFB990BEC431309C9BDD53EBF48D0769C34C9B4B2F29C0EC9FB4218EE2CDAA7176184442E2E011E7FC16318F58B8179328246FACD3B75A783821188373BB909DA4CF59BE204252930F969172A8CD604D5D27058BD8236A54DE5B70102FD2FA963A089C1B8110C8EE109A958AF130E373176A0E3A776A11DBA32C7BEA94193E6F1F83B5014DA4781F4D8BF7E059A40D91EEE26B9E5C0DF95E8A81B5561754548CE93CE3A8A0481C22E20DF6A405E79CB788ED11EFD1EE436527E9A30F88B57DE7ADD92D4C549023898A319CD717EF3E9296BC6672969130D85C90C95C1D37CE8B75AEDF108110C886409D38CD6C8F8AA0ED461E08A56DCFB97EF37A7833FCAA1606B9AEBD7D7C9DD1A0A90D0425629C01DCE0A94D0339A990D441152555BED80946716442D578A33A510A91AACEBD9064246024E1B49B2126361044D2F66D5A230A2A275F69E4D5456A90F74B2CC83DEA265C75D95E04172AA40C9E7E8ED7E12C41607F088440B6C71A79C8DBD4AE0C7934242ED4F23651AD18DCA94FBA9805FBD016BB12E9822A4CAA0EB6890B2D2E16528088BB91F68311DBA0CAA961952A8A2AC7C04C7291DCB2DD63979AE4E1FB295475AE67B8670F435AD465F69D2C72635DB7764A8582CC102CFB900CCD926A92A418B8D96EF495A7177B8C887479B944A1CB0E2C8D7EDD26CB741038BC9E8640367FA7BE90C728B94C1E0CAE913C2EC5907712359E3DDC5CCDF8ADEF52783B1964790DF188625F62DF68337DAEB908CA407B836AC07BA12AF355C3DA5CBB4849CF3E62F066F85E7BF22907BD7B5E5A0CF14E4118EEC93BCB3D4940FA479DC41EC426C3855691BA9F8441DA40728CDB88E2EA7523E44B55C501C1795451B53B4B10181F022190CDDF096F96BB1D9FCEAB86B19CC1F578D7EC2BC66392012044822FABF8ECDBA61884CDC4910712A18A72BD8F56F942229D3F1B0BAF2A03B263DB142A21528A287983FB5536BC98BD8B1DC5B32184D62F9793B8244F248108D8737F018624052945480EB20893A618EF9184C987C2238AF79EFBA40481C9201002D9EC5519141A79B8C26C913AC57ACA05047C2E972A47AE2F46F44D24810B575EF8DFE0CCD86DC0251918A81D61472131188CE5D362BBE8C251014171CD1525FFD86A88EBADEF7E70811510289BAD772CEA9CC19D8A899D81BA89911E59D465478BE3AE2341909C9083424586207863996CC88B757441FE0B0287804008E4ECB748976E307026C9835FBFC1C076CA0504CCACD92890860F32BDFAC2EE8DFE17AD4E5D63703570B73C5266EDDC53A51411FCB7AB3B2CF75AC4E69B1CDCAE498E72412108F608F111820419DE051AB26B901290026F271307867286775205A2696A340F88541CE7366B3B2508CC068110C8FA57CD88C9D0E92CEA138166DC256DA75C40C0802A029F91572D67D48523EBFF47344882519C7AB09DCD1E206D08175836A7B67F556DB68F1CD80D5C23E29C14C3BE20FF989C64A4474669066869DFD91D9011C2B87FDDD4BEAA1624200E12A41DCF41D2F0FE795489A0275551CD891B71BE226E84C794CF03DB4E09028789C0294F1502390598DA6DE03168D4EA82CA84ABA80165917F1721C02621E7D3736BAFC1B7AAB50B694E8A72AEAFBEFAD74EE659C420CEE6F1C2E39DD44466FE623AB8B0B28D9052A890046B1AE8A5E7100FC1B389B4F1B2BA9654406D8420EC770EA33EDB85A03A91F1BEFEC7E8ED3E92223A8FB44902A95B5CB2484DC3A671F2DD0B3C34A16004BFE4E4AC048139211002B9ECDB3613E5F962A0739471D44017B515342E2E0675EA276AA0B30653D2C1B3EA72C44C0AA8D5A385F1D83D108A419EB795AF051ADCC574500D212612049760642EA643DBC88B74211E82015F60276946DE2BC92C7D97E3A89133FEE3D6EBB3B2C88A14C28BCA2537AEFFF407C1D4EAD1428D49EA90FAE46847FE0B027345200472F19B471A66A182C0DA110385D96ADB4E7D01019E44066B5B0678AA1EEB8CDD66F1EC0A0FAA1DE2644805728319E86BD7450B1B07A3B98F24F1E412D3C1A87D973ACBBD240264E8F66EC47AF8E6075241F2754A270B175C7691C7D5DDD873784C7194E0467BFBDA6711E3C12682644E4A238EAF293914040E138110C8A5EF95B194FEBC0D188E701335005A9F6BB9523D3842BD75D50CE5BEFCC7B3881713C3B4180D066983B0C26B491A0F0176D445C8E51A75EDF242821023219682DA0971A8A9AFDC5B6435422245F0CA5ABEB6AF750481C4489AFAC50642ADA53D13081294E045D2967D294160F60884402EFD0918ECCC78DB1EDE3A06B9B67D48355B03375983A2003C9202F591993555921A1928064CB37D417AD439DC75D91218AF61D28CCA724C09AC4326A436B10D8E2F17C66844CD66829C0DD6BCAF96CF19729D54C515571F909A0F82795E389D2728D2FD5282C0C121300502E91B74065AB3E665BD3CA9430C40DF6D77717F6EB022B1A5CF6087602BE081E4197839B5223E43009D9A1DC1AC9A5A89CE1F79B225701AE01DA56E7D43208881EDC2792403C7B8EA727BE50165B04524D44C22AF91133B81F314446446CFB6C033CAB6FD632AF7ABCE784E768F5A5D308ECBEBE5593C9F7D29DD21C085DADD489C26157E3BD679DE99A8B07FF99DF0AE735ECA081108812C163C7596250FC4E187BCC9EB12C12CB88DCE5F323F6A1E995EA5F4A0EF171F206E446188F78782B0AC2B0659C16BCE75EDADAA5183BF3E51A7280CB8BC8D0CC0065F49049102D51183AE593D4F229E4B74F822ABB997521D69A315F9940CF26AE461B054480CC8866713F51DF58DB42D064D0541F9E3F6812C5E510658AEB75275E80BFB4675FB6861B7A0DA125477B4A3FE338BF70CDCA11158ED1AD5E2790C588CE89E15AEDE97F7A2BF7266499B429537AA8E4FA433A43ABF1F939B47579FFD6D090EF59B4510A459A4618262DDDF085569531FB28FD56559C688C0DC09C48FD98FBBBD1BE4417565DB0FDF71865BB37A6EBC8EFBCEB501F455759259382F223A7F0327358FC1E6D9758CC7117751EEA48A41DF1F8A1418D6150661EEABCE75AD7B1BFCB56926AF7021F5A95C39A6C446D0C323059F5735FBF7878808A89DA85B90812216021928D27E208356A8643CB7E2B93C2783B87E532BC9005B8F70D142CD45A527C32C3C783DB51318B93D831819EAB1B65FADCFBC9CAC8FA950C1C1C97B3360E91BF75F467BCFE13DFA2D78D70CEB08462660E7CDA76CF6A4022FA925496B8235FD9E108222C5BEDAE4E63E753B2421F6C6EFB7362FB350859AE0782F2DD3F2654ECA8E712030670231D3F1636E6F825A0741B46D8387E3A401336DDF9C90CC8F9460A66A36DECEEDBAE6C28A94B8A59210D81444419BD99BE50BDEBB66358A104840888034A3BFFE78157FB0C8403118D6E93B2DDAD007D1E06E40D58304AD2BBC95D84D4851B65B317B971DD760DCF68DA546780628529A81ECB5D53118930E4974B579B4201498934A10372F2CEFFEE8E0CCFEE330E11D9B489808991C997018F05F5F5808B234F0FBCDFA1DFA4D2A75E8CC857DC9774C4C7648C92638247913250474E60D72C23008CC994088D4CBA89B1D2D138841D8E0A918AC25F0A3EA32D3129866F66AD64EB5B469A15E329335B8CBE9C45D9494E10F4E5C0369C040C58D95BACA1F0FA32EBB03715F9F0D78FEB8241A34B34770545CD402FAE17EEE4DC2411CEEE1B876A91014ED33622BD64916EC196AFD505351917A446C737125792011F714754EDD45F211C4D732D2363C4923EC1DA4AAB66F0C01D6FB850000100049444154B58189A426AB000913A6080EA1080C246D9CECA767F0FD11B620928AF77EF29C43D9468E485F0E2FAA236ECCEC830814B17AAFEC60265FD4B354B524B94D9E9FBA15B9F0CEF3BBF277D50AFB9D6F9C98EC6C72AF9C331204E64A20C8C100D85E43F3406ADB276B1FF121A148814132F0C7E51EEC0674FBA794C5C9FD0667033EF5922038360E8333D5137231D337CB35E02BEE6F864F472FF11F7DBC757F6C6677480F09211E9208D512AF2AF73708B837624036C84531E0B7D92372313070B3A50E53FB9E86D92089C760697D51FF1835D9050C28545C6231A8C6EAD0258B0199E4C1AE20A5898040B899B1EABFB615CFEABB21C80BA151D37976B1235C79490206288319DB8BFD66BF061A831635594B6322F013A9DAE60A8CECD92B3C0BA2732E894DBBC8AF3908700F16D5CEDE21F6E4928758B18228BD07AEBE30D55F997C579C3AEA5D62584C80388C9024BD5F929777892410A841DC6F4AD43FE9CBA409BEEB1ECCE4823AD7240641F8FB700FEF84B11C517807DE2B1CFD86D7DD2FC72682C05C09C4A0DA5E11D1DB80DAB60FA536E3639FE1826BC6AD88BF40805450724EF9234784CBC5C0819C0CB8240BBF11EA3B0389204B33F85518D15723146A3E334C4480D090284989B48338CC62A93EE8C5A93CB8F12A888C9467704302A4051E388891548648CC7C9198FB7136D006090911E8B7F76800D386D42A880E492232039701ADF51D19888017ADCE1140FB725A992C2854330AA2418AA43F8E0A1246720A10ED6EE06DCFE2790CBE6C5A244A05AEE2665A21E5F076D3D7561E5C1DA216424CC8DFA4C224A3AD9B0828260BA442CFED79ED333180AB0199C4691D31935EBD5F187806F63A51FC2459BF77A96448A45478A46993A9B3484246061851577AD79E05C12307C925A9740585C2D93D3D07D516AFBF7AC42C878880C1E1109F6BDD3399E11BA0DA390CD4FEF0DB76EAC50281188864C6A50EA3C6211191180CE48BA57F24131E64F4D5062C589E56D814109341DF404F552768905AC4FD7DEFDB36825023386A33520729CB406CD06707724CDFE8CD5DE718B594730DCE885337918641CEBA0197ADA8A9ACFC16382D18783D1BC7000324D241168A41975E9EE4E2BAF63743BA31F06A0F5E8A0115C1210E0589902E5BF12CA45D33F4563CA7E7278171A9A682E444D1D63DA74252F34EF457C0AB7D08D464886A0DFED6910CC7056A37C67F2A2683FB590E00A4086A3AE44992D04FA4C9D3107E5C9AFDDDC0415B2417BF0BB88EB2A453FD23D0FE18FA6F693C2D5023B5DE30DE9991B5EDD48B05822069C082F71829842EDC8CD8BE560C7466C562501047DB3F646D00A762A3722205E98B59B0C1CEE06FA0254151AF212F83FC7231B3771D326885CAC700BA5C10827B37E33B125B2EA409EAA17D1483392269ED53F751754A858F58A93B49593CFC90A3E87E04CD7E473DC99E46E5478A6003913C92248184919567F4AC2941E03208CC8D40CC161B08D415FEF0DA76EAC5C2604AB5719DC56261F6CD25934AAA362F59381A18B40CA20661768F4B0E0EB0E237CC9EE4FB1D241FAA36DD30509AE57B16EA16A4617F17856481940CB8BCF5A887B4DD0A7285659F85E4427DC63B8AFD0AC1536529A4136A3FD207724706EC0F08945306A2645F432EBCD1DED00528B9C7FC10F0C737A7A7A6E668CF4B15C228DEB6E75E9B991B18AF7704C462C1A7FF78F5A8421C82250D9874E0F4EA470706FA8F7ACD0C9ACDC18C9AD717350C83BDBE5FBDFA45174F2553AB9D2FEC0766E8D7AF3B230C124EAD76BE509F918AD85DA8FED8794814EC32544888A3392D785EFD614BA2E66328A7FAA22E7C79F58CA1BCAA2C41A01B04E64620CBA831E82E6FCF799D1441B7BD0A03B3EA461C6350F709F463CB786975966717EF2CD292C1935D82EA863452877B5D18D319B2112B3517C9AD454FEFD230FB029C1105DB0CB521291951200E9E5FEC395451A407AA436A355E736C1FA41D5E766C52BBB49F6B82C0D608CC8D409667A30CAE5B0376801750F1AC7A2C046B264BB73E06E2A04A3378B25B513D320CEB97C04EDE5AD455BCB9563D4B5FFBA8AE7899E9078335D5917EAD6BCFC07FDB3A0151C0985D82A712A9823A89BA0D1132E45313C29F2A0A59308C230AD739BF6E93E5001198CC23CD8D401857DBCBA17668EB73AEC56998C92357031303ACC18AB381634363C31388B461A68F2CF4C73A7B96193BD764FB862A8CF4EC0D6249A88D0426EA8BF81404CC5E448D046383BED4335C7E4914888FC7138902514809C2A68160D82DA8E648805C89DD3325088C0A81B911883F64C1525E82ACB3E20AACCFBDF0DCE17D8334785E0D8D07E9506C04D51AF75A41680CBD065D8181EC3006E1A1FBA97DB618848B7CA9B5783521E317D7412969C467B08F8845E17E8BF83C9F6B1008F2F08C8882445397650902D340606E04E2AD7053552B0CAE667BD653864780015FA01DF58DD8083DB22EB08EAB299B0369C4FE534B0F07A8A5B8339334A89EC46CE887BE711B466602E878452111E78A2941128A0F7271DAA06673AED8921EBA995B0681FD22304702A16736836D48FB832699B4EDD4FB4540FA11418206636A20016C7AC0202C288FD19C81DABE3E0BDB84541F52B870D1A5E264CC16D1CF15567FD824900343355B0489CD0484EB304F28522D5B0D69C97DA402E9B3CFB97710181481391208C0E9D0E997AD2B02E2A84B0C0A4DCF6E7F4A7F0818ACCDC811BA5429D43ADC4C910952619C9692A4CB1E5019896D110721F29D3717D5916039B6099201A230F0CBE1247D87DF04DB86B42CE22D6C8B7F412EEC2FD4548CE0AD9FD2C4B8B76D9E545456D65382C0C12170590239B8473CF5810C22542266BEED2471103C7DCC3E7D24AAED4FDD0D02526C300EC3DC606D9DB1F969757BB10E3E76453DB4AB3715A3BAF4223C9944D3F37062F362E83641104C28232C5B841436C8A49A5E18F4FD1EBC732A277124FA232BB154FED455CB24E19A754504BA5C54CE91970A595A4F09020785C09C09C48B6494A522F1076FBB1589E0241D143017437B4365FB9A17126338159001DC604AEA206DF08813418E34CCF045509FD5820F112109D75175C9AD2540CEBD15D28C0487724E9160A894448B232C2445058514783C31C68BABA08262BF20914A3E79561F36392E51A3F67D325892428E09021B37B936E70481C920307702692F8A5AC2CCD3C042A5D1F673696568E7E7CF17BFED4F7D3A026C0106786932A87718C3C548B8421435B75C83A9815B32446A2BC75A315B97B69D5A11E1F86AA3247F0882CB2B9230D833B67B5FBCC75C4BBA404ABCA14820C88351DE7B95DB09499130254EF48E4915AEEBABF0A8220D91A644879372AE784663391C0426854008E4E2D765603128293C6ADA5191C6D262EFC398DBDA9C526DD037A0C34C7A1803BC887029E4D90378BE19C8D5D27F201052886F719016E08E48C43B506D892CE7D840E5257B2E0F2C78C8B06B364F6244FA6C155C64DD5B8D9418B619C14922D2B9BB6EA8E237C361835B2F4F2C12D0507D49BB41A073044220AB2135A0993D9AB52E0F42720B99091BBC565F398FBD527C2300920692604CA652E280203F93B4E354387230492B424D489AB06E5055532B2103D2822CBA543D622A9004FC110F82410AD450488224432A843F12219D903CC68C3A9B1AD75F7DA4CE4370D65382C0E411382802E9E16DD09B538318280D7AAD09AA10FEFF06C9B6EF906BBF131F8B32A8B33BF8201102206950ED5DFEF8E1DB79E225A8923823F8FE072F2BD2848487543A544DDCA7918E0CB1243EE4D348C2B6C15654B773A9B08E9B9864450DCA48AFF3BCB74ECB3BE6784A10980C02FEE027D3D9013B4A574F1A3128B66EF0FDE7E96330952A9B8B673B36D55A1A0D6EA7BE1541B2F06C242E46610339CF25833BC3777B46799BA4E0B0DD6AEB0AD26503E188C0B30941B06F902AB4C30BABB9D292625C73A805D952CBC19367170783437DD63CD74C1008816CFEA20594513F18400D06ED4AC90819481D472806C7766CACB5D93E298A4DC7C06D862FE6C1274BD931444DB32978B64D9FC17DA4E420955159210BA4E193AD4D7DB5E9BD0EF53C6EE322D44D36A8F70EE839F32873442004B2FD5BA79FA78E4024D697EF60F0A49A3173672F31DB5E3EBEEFF52B548372335125B12D88653003A6976747D0471E4A8CD44D0D55979CB908F023594831C2C3085920A57BD79502F1A8B76A35CB0904A43991778CBB3077640916BDA313A76533084C038110C8EEEF09792011AA2C1E48CB77327337BBE74DC4564275815CF6219D48FFA13D121157D2E754C7C4B5F0025A563DD5EEB58B741C0CE2BCA67C6BC37737CC9C91853648169E515A8FB537CAC18B1078636DF1CC7A49D53E88455D58AB5982C0F41008819CFF9D715B652436B08A6C3E39A02218310DD45B4D3AA1EAF1495284C2087D9E5EB80769428CC52BEA46BED0A73D837D6D9EB9B053B06F888FF09D0DF7E3F5442AE11D256E43F01FE3F9CBCEBC5B4ED8040169F2D9CD7C30EA817581EF7C549525084C0B811048B7EF4BEE232A1DBAFF653BC9722BA41383B2193C42E1D62A400E09F0CED946A541BA700FF68C3B5623F2375575D1420A91CA833421F29E171089095120097DB52E425BFA0D64C22672D14DB2D13902E25DA8B1DCF891F5DFADAB64090293422004D2CFEB32AB6727219588571048B6AE25293A90C0D3EB24C668A440E5A518DC6BF7CA65958D45F4376F3106FF5BD45512134AD9419A60C4E5624B624214D454754A968110602BF3C129DF3B61A7E2E63C505766DC6C1E7D670442203B43B7F185240BE936446B2313AAA27584821490069597824CD4AB1A440AD421240AF618AEA1D7AD13910712E18ABBAEAD3A35CBC008C8B7468D6512C1434BE4FDC05D4AF34160330442209BE1D4C559D2852313AA2284C236424A412A82EDD6B58150561D7F41ED441A240A467D6452BBB24C0C012AAC87549FA93F499D2601B59925088C1B8110C870EF87F19D9D04A9F8D6040942D4BB1AA9F0D45123066A8EE17ABAB6E51CEC0001AED552CC3FA0EE25E85276E06BD47A9620306A044220E3793D8842DE2D3552F1D12B354221698CA7A7E9491F08BCAA6E4A12A1E2640FE31451BBB20481F122100219EFBB49CFE689001527DB15BB9709C43C51C8536F84C0D0278540867E03693F085C1601DE73EC59249190C865F1C99E9120100219C98B483782C0090478D6D98544D845ACA704815121100219D5EB4867F68AC0B81B6303E344A19752D384442091322A044220A37A1DE94C10B80801EA2B2422C3C023EAC869EEDC75284B10D83F022190FD639E1683C0360820112EDDD7AE8B0495FA8C6FAD660902C323700E0219BEF3E94110980902D459320B78DCC7D67F77AA9225080C8E400864F057900E04818D10909EC627804922D2E8274E6423D872529F088440FA4437F70E02DD222065BF6CCAD7ABDB2292AAB20481E11008810C877D5A0E02DB22204B816CCA0CEB8FDFF6E29C1F04BA462004D235A2B95F10E81F0186F5FE5B490B41E00C04E64920678092C34120080481207036022190B331CA19412008048120B0028110C80A50B22B080481DE10C88D0F088110C801BDCC3C4A10080241609F088440F68976DA0A024120081C1002219089BDCC7437080481203016044220637913E94710080241606208844026F6C2D2DD201004864220ED9E4420047212916C0781201004822D07E6DF0000031949444154C04608844036822927058120100482C0490442202711C9765F08E4BE4120081C18022190037BA1799C20100482C0BE100881EC0BE9B41304824010180A819EDA0D81F4046C6E1B04824010387404422087FE86F37C41200804819E100881F4046C6E7B4808E4598240105885400864152AD917048240100802672210023913A29C10048240100802AB10D80781AC6A37FB82401008024160E208844026FE02D3FD20100482C05008844086423EED06817D20903682408F0884407A0437B70E024120081C32022190437EBB79B620100482408F088440D6829B83412008048120701A022190D390C9FE201004824010588B4008642D3C39180482C05008A4DDF123100219FF3B4A0F8340100802A344200432CAD7924E0581201004C68F400864FCEF68B71EE6AA2010048240CF0884407A0638B70F024120081C2A022190437DB379AE20100486426036ED864066F3AAF3A041200804816E110881748B67EE1604824010980D022190D9BCEAE93C687A1A0482C0341008814CE33DA5974120080481D121100219DD2B498782401008024321B05DBB2190EDF0CAD9412008048120708C4008E4188854412008048120B01D022190EDF0CAD941601D02391604668540086456AF3B0F1B04824010E80E8110487758E64E41200804815921302A029915F279D820100482C0C41108814CFC05A6FB4120080481A11008810C857CDA0D02A342209D0902DB231002D91EB35C11048240100802854008A440C812048240100802DB231002D91EB35557645F10080241607608844066F7CAF3C041200804816E100881748363EE120482C05008A4DDC11008810C067D1A0E024120084C1B8110C8B4DF5F7A1F04824010180C8110C860D08FA5E1F42308048120B01B022190DD70CB554120080481D923100299FD4F2000048120301402536F370432F53798FE0781201004064220043210F06936080481203075044220537F8373EE7F9E3D080481411108810C0A7F1A0F024120084C178110C874DF5D7A1E04824010180A81A37643204730E4BF201004824010D8168110C8B688E5FC20100482401038422004720443FE0B02FB4520AD05814340E0FF010000FFFF5FBF066500000006494441540300B2E825185D7724D60000000049454E44AE426082, '2025-09-16T07:10:26.3377271'::timestamp);
INSERT INTO "ReportSignatures" ("SignatureID", "ReportID", "UserID", "SignedAt") VALUES (13, 3, 2, 0x89504E470D0A1A0A0000000D4948445200000190000000C80806000000C615B7E200001000494441547801ECDD0BBCAD4F5D16F0E55D0433C904116F9905950A5E504CADA454D444C91BA9818978412315C342CC504A524B89144B41CD4C33455430154B4DCD2045D44C09EF428850691A42663EDFFD3F7378CF3A7BEFB3F73EEBF2BE6B3DE7337366DE796FF33EB3F6FCE6779DD75CF55F11280245A00814812B2050027205D07A4B11280245A008AC562520FD1514817D21D0F7168185235002B2F0016CF78B40112802FB42A004645FC8F7BD45A00814818523B06002B270E4DBFD2250048AC0C211280159F800B6FB45A00814817D215002B22FE4FBDE22B06004DAF52200811210283417812250048AC0A5112801B93464BDA108148122500420500202855DE7BEAF0814812270000894801CC020F6138A40112802FB40A004641FA8F79D45A008EC0B81BE77830894806C10CC3EAA08148122704C0894801CD368F75B8B401128021B44A0046483601EC3A3FA8D45A0081481814009C840A26511280245A0085C0A8112904BC1D58B8B40112802FB42607EEF2D0199DF98B44745A008148145205002B288616A278B40112802F343A004647E63D21E6D07813EB50814810D235002B26140FBB82250048AC0B1205002722C23DDEF2C0245A0086C18810B13900DBFB78F2B0245A008148185235002B2F0016CF78B40112802FB42A004645FC8F7BD45E0C208F4C222304F044A40E6392EED551128024560F6089480CC7E88DAC12250048AC03C11380602324FE4DBAB2250048AC0C211280159F800B6FB45A00814817D215002B22FE4FBDE22700C08F41B0F1A811290831EDE7E5C11280245607B0894806C0FDB3EB90814812270D0089480CC7A78DBB92250048AC07C11280199EFD8B46745A008148159235002B29DE179EB3CF61393FF79F2F726FFFFE4FF91FC9F933F2FF9FD929B8A4011983102EDDAAD112801B9354617BDE2DEB9F00B935F95FC8BC94F497E78F25F4C96DE38FFBD73F2DF4DFE17C90F4B6E2A026721F0A772E2CF272B53341581F9215002727B6372AFDCFEF9C92F48FE99E4C724BF4EB2F49FF2DF0F243F2BF989C91F97FC11C9D21FCD7F4F4BFEE4E4A622301078CF54FE69F24B93FF4BF2BF4F567E55CAA622303B044A40AE3624F7CC6D5F99FC43C99F93FC76C92F4F7E6AF25F49BE73F2BB275B417E60CACF4EFE9AE46F4EFEC6E491109C3F3C0E0EAAECC7DC0A011CE9FBE622224D848278F33FE4F853925F2BF9FB93FDA652ACDEDE7FCD45606E0894805C6E44E0F5AF73CBAF263F22F98F247F47B2890057F1F1A97F6BF2FF493E2B2132E3DC5BA5F297929B0E1B8137CCE719670B866F49FDC5C9BF90FC75C9449A8EBF33F54726FF8564BF2B1CAC32872BC464D57F45606E089810E7D6A739F6E7F5D3A9CF48FEADE40F4F96FE6DFEBB5FF207270F4579AAB74CAE7DF6E42A2BCEC961AB0B47C0DFD487E41B3E3D1997FAD329FD6EBE27251DD98353FE72F237255B8420184A9CC897A7ED65C9DF9E8CD8A458211E5FB1EABF227071047676A51FFBCE5EB6C017DD257DFEE8E41F4DFE9264A2297A8DF749FD81C9CF4DBE4AFAE1C94DC45CF2A4A9D50521F0B6E92BDDD6BF4CF983C9FF2FF9E9C9FF28196178DD9408C267A5A4E3788D94F74FFEA464ED08C4EFA44E2C6A71F253A9FFE564091782C0FC9283E6223037044A40CE1E91F7CF29D6545F9FF21D93AD244DF43299759AAE9CAC36A7377BE6F4B8F5F922F027D235BF0DDCC2AFA5FEC264DCC45F4DF95EC93F92FC05C9CCB89973BBFE4139FEE2E4E9C22187D71351A667108F8E46A2517AB471DCB208CC0E8112909B8784580A67F15D39F526C9FC37FE76CA7749C67DA4D848B2F21C0FFA73A3D272FF089CD2833F96B6AF4D7E49F2CF25FB6DB0A07BF3D48DE3E3533E20F91EC97F36F971C9FF2C99A82AC5B9E9CFE42C22F41E2947627041343A8E5B168159225002F2EA61B1522486B04A442C9C7942FEA3C824BB7E65EA9B4C53628403A184DFE4F3FBACAB23F0C773EBA39329BC7F3DE5CF27FFB5E4BB253F2719C1C01D104711315184FFBBB4FFF7E4CB248B1522ABD79EDC44ACC5E47BD2D46A119827022520AB15BF8DCFCCF0201CC410FE985959B1AC62A29B535B492C6FA60F7ECBE941EB3B4580492DCE8108E97979B3FC452929BC89A9FE7EEA745E7462EF963A82413F91EA9513DDDAF4192CF7442E20EEBAF2437B6311D82502AFB9F1972DEB81260D7A0EF269E22ACA4CF2EB3F99CF602D95626BE9C7D69E3C6CFED79A7BB8050418437C6C9E6BB5FF1B292D1858D551620B3B434445C98DC3103DE0B1B9C679BF8F546F3BE130E8D6C68358693D290794EE299A8AC0321038560262C5C92A86232039B6D1E2C8450E4D7EFD0A0D5BCE7C03A6AFA0709D1EB7BE1904889D88A33871BE288FE4E5FDDB29F960B076B270404810090E7B0806AB2A26B8B96CE30991989AE5EA8BB037F46C1B7F591F5804B689C03112106697E4D5FFF01AB0BF97D21F2F47AF9F4CBD69D90870C67B543EE199C9B8098A6FE2A80FCB3125375D13AE5344003A085C06D1250E80A59D7B72E95612228530BDDEE4E9C4A4C3E763D27CA56A6F2A023B45E0D80808B9335DC77DAEA16C45CA369F92FC7F5D6BDB5561253C7DD7FAF1F45CEB672380F07F754EFF66B2C9FFC929BF34F9039247A2D360764B44F566696455F59094ACED52EC24712CA43B99BE0CB1FBB26943EB456049081C1301F9EB19187267228D545756824C28A78A4CEDBBCA64EFD377AD1F4FCFB57E23024C5C051884190F6F63FB87269710470A60F9D0B4BD69F23B259BACFF4D4A1C498A9D26A2328E850C36C68B3F2115442D455311582602C74040AC3899635AA58E51B212A424BD81EB18277754F250263EF33AA563F5E69B11C03170CC13678C7EEA19B944DC31FA8B54573CB589A9ECB3F236ABD5EA5D9305B0A4E7406472B8B7F43179331D4B8A93C4539DA1060278D2D0FF8AC0521138740262E5C9C39739A63162CF6F7F0E76FC8EF799DF282F67329C62A574ACDE7C07026F90426463BA2AC60E14CD1F9A3671C952AC8439C765F0C74034FE561A71238849AAB348742BF67E9976E66FE680A1468AA622B06C040E99807C5486464C22E125525D7D5FFE13E44E996AD34C11B87BFA45B4C36496C889B51C2E32CDAB9F58AD567C766CB244FC88CBD89708325D3937D179AC7319ACC1ECF771EE8DC779B25FBD44040E9180F826E20C3267CE79FF3703436440D9CACA2687B3483CDFA71DE148363D3EB63A8E83F5146F6E6142C6F7FF6E2AF4551602F74DDDB8FED794734E2237EBE79DAE751231641A2C202745FFB5E6164560D908986C97FD0537F6DEC4233484959E552B2BAB4FCB25440673FBC35DDF486A4EA29740B6B3243021DD864996F5D478B1FD318CA74998BE8A186B9C9B6B4961EF5B108AD147BB55F22DE18732DA5A16818340E0500888D51D334EA20FE20D83F3DFF21FAEC3EA35D5D9251642A35302F28DFA55CA25DE636C041BE4F54DB731BE41345BCA70964BF41EA37DEEE5BDD241567EE35B70BE62AB09892300634E371581C34260E9048418C85E1D14E553334EBBBDFD8D0CD55C451D9CD904504C174FD231AD4E858FB1752B853711E30900F9EF5F250B62E8BC73395C4C12EE9F2322A2A8D3FF3BFF51A0B3C0422473D854040E0F81251310F2724E8182DB4D4706D1F8A034885D946296694A3C74F01808088F6F21D189A2386FFA6E9912FCFEA9987059C9A5BAA8F4A9E9AD6F18C4C3A652C2D23000C8A9A68347E0883F70890444A0C39FC99891970F3F801C9E247A0493332272D230D3FFA6FB7F201EFBF655D8364CC43ACC6E85441FEF7A552A7455C2A1E32273B8B8247AEE3F49AF8526C169D0B7195B7BC8A4B9A9081C36024B232014AEE255DDFB9461213BE7F731F79020261B13EAF8846F1B95032DC519A3589E8E99DDF6C424A36CE618B8B44F6765C528E3E1D73A6E0328845018956B4D2D8AC0E123B02402228E11A7ACD33CB66D314B59F93F173064ACC3EE31E9E75257DF934F38B3FAB939632F8D14D7138229B0A17D3656ABD5F5F6255478C433CAF80793CE222242A908D038696EB5081C3E024B21201F99A1103D755D6495E6954D80282B99813A9E7B9E06F92327A7F09F7B9F2FDB3FFA0E4E9C7F6FED46DBBCB29823BE5A3B35FB43BB540AA1221CBB450C43807BA6D742E4E046526D2A02C785C012080899B288A5A7F5D504CC47607D77BF398FE2A74C3AB7ED4DAB26AFDA59D516C00805AFFFE94B3F2F07C68A796BAA8B49446DDF9DDE8ADCCBFB9DC88DA3AA808EFC8C72AAA9082C1381DBEDF56993F2ED3E7393F79B8498E88E08BAD367FFE31CB0DC5982D82A5D3D4944207FFAA476C77F9C1EEFA81DC6FF36C912C09058677CD1EFA7229E9590F94B5BA91355B1F4231ECD67ACEC232350A3B85BFB0CC4A92FCD4560EF08CC99805088F3205F271E427E88A64B91B9B4D52C238031E89C07FFE3383880D2CE8E56EA53119DC8B3088A9855AF5CD0375A98D8E656BFFDFEFCE6705008096BB2057D4ABB5A04B687C09C09886D3F1191E9D7338FB4FAFBFC69E382EA0C0146777F60540EA0A40B601DC79F63FA3994E8C2AEE33C44A1BDCBF4E4CCEAACE3E8679E9F7EF120F74DA9AE8454C175D0E72088DAEEC8FDBF081C39027325209C03EF77CAD81083085762423AE5F4AC9B1800F051199DA4FC1FF52597A201F0CBB9EBE42328C98DD58FA50D11F9AD94448EC2CBA43ABB44418E23242E7D876BBDA3F3D02EA48AEFBBD67CA102F131D66260893AC0B1F04237F6A222B02404E64A40285BA7381255D9504884D325120FDFC263592913835C765272DFDC32EE429C27BA8FD1373A0FE6D6C2B28B0640DC38CEAF07901CF7ECAB7C405ECC8C9A0F917D45FCB63807AA5BC42080B9E49609B1403099F27A06F117D3723B23F24B1AEDCFCA9388C2A6C4364D4D45609908EC91809C0998D5DAC3266759BDF0F07D6ADA962C4218411EF3192B5C9472A9D98479DA7E17380DBF2984653A86E33B45D71DF57D95FAC7128EF9F4B3D30984C26FCCC4CE478799AED02408414EDF947CBBEC7A3E21880462F1985CE9B79BE2CCF4C09C41500589F48C1C361581E522E08F696EBD9F46A9B552B72B9D3F54DBBECEADAF17ED8F8965E83FAC6A974C404C7C2660DCE0FAF74F035AAE8F171D028FEDF57B7675AC6F361913A8D1A64E76317C495E6EAF98B74BA97FBF9E723D21847E7F4CAE59FC2116324280D810534DEF210AF39D9EC73B5D8C2CD65C381D11A35DEBB70043F5E622B05804E64840FC710D409F998A70DF29169DF80F8C0F78E1A82CB0FC9CF45940C4E918A5E9241165314B1EBE11B6E975429C2FA6CB56EC8EF791595521DC22FE125BFD783AC1C28AFE86A51F31539A4E12828140C8B890A7A515A1B015F26922389C8C786614F0F60341343E2EF7F85EC40497F37772CCC040381731B372B882A16BD4779EFBC222B00904E6464088794C36BE4D60446201F5A5E7E9773C7E611FC377C5644B01CEFA6D1A82DDA7FC76FE4354E811288C99F3A6E924519C9B5477ADEF79ADBC5DB8148B0F5C03AB2AA1E211373B1B32D07862AEC13DE0A8E82FBE3DC783606893D3743D798E68C1ACCD100904C36F95A3A13A2282585EBFE1940A438AB79AB43B9E1CB65A049685C0DC08C81326F051384E0E175D1DE1CB4D42BB9E4C2F0B9CAD651F929BAC9A4D96264D221813709AAF274E759F9023964BC48E56DD14E7695A21FEC2CBF0D559EDE81F8E87C514A2E5FD26747E37445744A1C2903560EEC700001000494441547C55FA629F1826D4B6CEC565C808BC7B73FA86842010373A270A340CECFD81B3F0FCCB8C256EC77BA72FE037333D6EBD082C0A81B911109B0901905840B808F5F9E5CBF588F863DC310D673EDAE650E232ACC27119628A7D433A8598BF7DCAD39215F71BE7048B250AF3544F928D944CE056E856FD278D5BFE0F4110BE9FA51E2E82BF0933DAF15ABF719CC283D2406F4174E47736885D9AAF270483D73C5D09B123EEE99139CB17C4B954AF943C87D936CCC6030493FCBE71D0B2082C11017F5C73EAB795BAD51D6B15ABC839F5EDAA7DB1621DF75AF58EFA3E4B132A8E8197B8901CB80CAB702BECD12F6DA33ECAE7A562823519DE37F569B22F86C919D7B1CDB1239EF21E517D79B78B93663BD9695F2E523781E34C103B049152DD440F075C95731779CEADAE79A35C80984E7F07ACD56CDBCBC33DA79B8AC03211981B01794160F407AD4CF5209260903E84125756DF65B6DA663E6BA5FED3793139BF9259F4C7E6D8049762451C833008D7412445B6AF7D640405D1100960B429ADFEDF2315FB7E6C5B248370B0EED24F1C85A8B879F585120E8238CAEF4B7E8BDC85CBB060218EDA16D1E34849019FD79D244E96B836789F34F4BF4B21D08B6784C0DC08C88CA0D948572862ADF63D8C7847B9ADCC42C8242EBC38CB1FEF432C7E282F34715AA98FBEA4E924BD2CFF53EA53EC3A276C3E5110A5784EDD90D6098A153C1116A222A617D1D70D376CE100E1587F2C71E7CBAF3522044C68450366463B380BE1E57117C45108867CED96AD1608378E6CBC04E741342B8AF4686B5904168B4009C87687CE8A79BCC1E436EA9B28298D3D9FA511EE8082DEE64D363762AA7A5ADC29C4C13E161F9D0EB0006235452FF02B3996EE94FF984EA7383799A03977D2EF10239D7BF1064FF21047081106040F1781B0F91644423BD19CA8054C6461BE2DCEE2569FA52F08F7F43A3B3332859EB6B55E04168B4009C8F6868EF3E0D459CC64B689B71149D15D082C6945CED28812FCAC67139950D6528ABF7B2E7AEF644AF2B16ACFE1F5C4FA8A15D6F586B50A9F08222E13341DC4DAE9AD1FF210A724872511102E68EB2FBDC20BEC1502ABE9AD08330E68DAD67A115834022520DB1B3EF2F5F1744A5432F8717CD912B7F181B989E885488AEE62C4974AF30D49B81726D044382632D791C15BF972A0BBE1E2B5037A91F5499932D9AA9E192BEE8647F6DA6D3D9C20C00004A73125C4CFC9797E29559A0788A6C341A004647B63C99A673C9D9869D42F53E22C1E9D1B28BD99920E857C9A6E4826287E1B94C37604446C8870BE2357E140525C38F198267E4180888910427A8543326CB8301897BCD0F80824C9526CDC2A902251E3EF8E8696C78AC0E17D7709C876C6946E61F8225054E3402EFAA63BE742F1BF1005BA0D4A57ABFF34DF909804134BD9AB821514673F1CCA88B774C3C59738C08110112140C44497B8F5A82FE528483488800F20183120C643C734DA5B16818340A004643BC368C54907E2E902F7292F92F9062002AC741086F57BF86C88E74424C56F81584A345862ABF56B7BBC3B0428F7E967EE3179A5C08C1C318DCFA4B9D52270380894806C672CA7CA7362A45BBD855FC0CFE622FB67D8C428D51B124E84FE0151121890527C97D64F3774664F07737D2D7F1466CCCCA8471F597ED13FD11F8DB69645E0E0102801D9FC904E7D3F3CFD3CE741CA702223319A4E1353B17422CE126E9C55CFED8AA7F4A77973087C401E453F94E27A126D59EC2C22C8EB8DAD14814344A00464F3A38A808CA752448FFAB47C9F1C087DCE1C771ABD36CD2BABD7CF5AAD56C28A7C684A163D64E9A936ED0101A244B1B1880BF9D9308810738B551DD3DC29E7C19992D88AD1C31EBADA5716812D2170C6634B40CE00E68ACDAF97FBAC3E539C24FA8C93CAB5FF100B719688A058375D6B3E2928DB45B76579F5C56921B64AD1B40304F8D6F02FF98ABC0BE760DCF8D920128EE99D84B2E7E9CFEFC618735ECCE5D713A2215866ADADAE4372A50AE313BA249C375D22A7559C381368BABF2B3DB4376D07811290CDE24AEEFD4ED71E69F231115D3B5C9195D373B0CA196D4A0E7D9F990AE24294556E23606C2109EBCECC564C302158E89BA6E15E4411FEA4BC17C7E13A9173D789045DC7F373CD343193F64C9C076E717AAEF5D311103A875896F5A0B0FF7EFF62867D4B2E372EFC91FC9D7C6A8E71F416668278FAFB4953D35C102801D9EC48D0698C270EAF633198586259454DC38BB09C2202F187647B5813D1B8B7E5E511108685659A2D6479CA0B4FCF53FF27F228C49CFE0841170AE5E16963F1361D8F34DD90385D3E392D36D31225DAC2E0AE399E46D51516C6E6542211E7D459E9E8DA4DF8361EF3F780205B3CE1EE1E1724C698088343948BE336464FCF397F23383EE169FC3DB8C7A65F9C339995D317E6B2A6B9205002B2B991B05222DAF0441652429F2322741D53AB2CE7799313617D500EC4B04AD1740B04E81A1063BB567E48AEA527A28BA09360ED44C421B0E2F7E4DC53923972128198F0D739899CBE213D3747C454EE61CC20AE96894BBC2F3B178AFA6B82732E979E24EF36DEEB1CC9C9C903FD0F91B6E0E1602AA48DDF3782C0CFC9E4CFDF850E8F38EF078381491F46B0D46E1332C13B7177C68F01C24B729D08CF9EC102519B77203EDF9873B8C4144D7344A0046473A32228E1781A3D873F042B5893DE68B7FD2B935DF1A88E851D172E9E373D110411855D0E59A61107FD6880414CEDD4873BB03BA048C232C2E03A04963EC2442323162673CF3339D149202A79D42D93D0F39EFD05B9D23810552116B808E6D19EB9EE71EF1D26326297DCB662658580C9B81A6D87944DEEBE1917F7D87C189F248EA570873F7C1008A1FBFDBE11693A242258E710081C83DF384E82684A46887F38CF138E9F4182B1F577C2F1F2D3D3FE0EC98F4A467852342D018125109025E068A58503D157963894A9FEA81C8F6CE2C27590EF1E8B9EC3E463F2E74D6FC5F9E0804157401CC4F9EEDD720C27938DC91C862209CB0883EB701E26356211937D6E3937F1D047909E91AB8477616A6BC329F72234445C4429C6E1BCC94A2C2B4A739C864500910A51A37E7BF692C7F03EC1466C2E1337BD1BEE016124EA335EBE191787D05266BB1676B808DEF6080B1D85E09B882FFF24A22A4A6EB87A166E24AF59F1D0473038540AEB42DC47EF47AC65EC455068C403482D309780DCFEA0F9C39A721F42914C9FCA2A078B6EE2FAE5E98923A89B7C36F91B23A6C29120107419CCA41103D8E2741009163C08110EC1E48493F9B94B626D0CEDE3C16CD7AD2200E050287B4D7EDAE69C99809B9CE919E88204C0A43F40F464E2555C058288133399E31678CFC3969181009A62AB210C709589036D050017F7E3CC88FFD6B1B030B068C06D7E654E0A068A185910182BBA0DFDC9A9A62523B0C93FEE25E370D5BEF30F10C2E2ACFBFD815ABDFA633AEB9A436E37114DBF8F98CA1E19262613D23453A65AAD9AFCAC68C513731DF9F9EBE421AE35B153642310CC6E717E2626DC9DCD9A72D96D277B8C981499ED7A98D5B8C995F8CDF15C327D0C430084CE44CE20C34A1E81B0B73DD1A0C99B5E076740C4C4341C81207EF27D080C8C99CEC217870C5BED44B0DFBF5AAD700EB7FA66440651419870800C0F880B29C93DDF38E17210FF5B3DABE717844009C8D507EBCD722BC5EB69963CFE48ADD6AC588F5909F8886044E16A9223FE30393128A0EB30D191A5AB33A1A563B0E195490EA7C62F06C1610D456E9E476D3D91C313BBDD3B6FFAD564AB65AB73629D1C9E24327F7D7E698EC8FB536C3411B7B12693E9221E96A77F4932D1114E6A8899E8D098BC3A672749A23A1812CBE91F9D030ECD224784650402713606C483F412083C8C5F94E75F3689F8FCA5B98958CA028999346EC74280032C519631CC254D878A4009C8D547566CAAF5BBAD8489B4FC9162DFD7CF1FE3B155310261423489BD5740306951CA222EB01A44C5CA99A2D66A1FF1E597C11C34B76C35193362C861962B7ED943F346E39962A58FB2D538AB23751C12F11971CDEA16FF70542658DC28D190091D7110FAFD49B9D7EA1C1E56EF56EEACC964DC8F1036FC8B7067CEBBCEE48C38D02B59E1CBF4443834BA242B7F5C80953F45356385BCE6CA893E487FE92FF48F7E0361620831C690CF8677BDE2CA6FE98D8B43A004E4EA43468EFBE2DC6E756CD5878DB762F5079666A9F9140488564C78C425088ABAC99A05947356D9CC9B79E3C31837C2DA891E823EC3A46A12279AE1B9CFA743C9EC9369A9C9935CDF246F3225B3B72ABE7BFA42FC455CE39D888467E3844CCA265B937C2E5B992C999C5206338AB0A29789D39C9F66AB6EEFB39A678AFAF539C997816F03910E02CA94DBF3BE36E7888E10047DF8FD1CDB3BC40660447194CD56EFCC589D3771C3C8311357DF24B36AD35F1821C6327CF2B88DA4BBE52908B77181374E51BFFCDEE1ED1CBC110C7AA95CDE748C0894805C7DD48935C895C9E74D5456A7577FDAF1DE69F223C347104C9AB0647105570E7C14F13818AB5F6D26792B79A6A28883899438863849262EB33AC721E210D44DD0B80B2B67A22993392265223C0F79BA0F93F879D7B0CA32997A1682C39495825F5F7051443D446308803E2360ACBBF4D304CD9742B80EE2D0AFCE8B70239E03975DAEE611741C0D9C7C033D09711AFC106078324A608A9B6E361581D5AA04A4BF82B92280B33359090F8248200694C156E0D36C42A6F826223399230CDA9852333F35E9E13CC8FF89784EFB5EA2187A0166A94C5B4D9A881A73DD1FC90D9C051137EF7D8D1C9BF0539CA4D7CFFFF41414DAC46008074E44BF112A3A023997CD2611772178382DBE1C08169D097C88D4E8F7E881103AFE1AB3E9F8653AD26BB78F4009C8F631EE1B768F007115BD0A935B7E0EF415A317C431C31A88921717C3E4D58A1BD1A01846B01013A6C0CEF19BC011308EF01C9EE94AD904CB40407DCED9373027A7D7C18909E849E447118FB8E2947C37F3DC8AA5E63C9233EA5B09C88C06A35DB96D047009B803CA66F1C7C6EFDB8488934038886A88A5100B8A69D64DF4209779B9C9765CCFC170D4E754B2C8A21BF29D8C13E04224E71806F42A42B57CE79C3ADDBE2C0B81F107B6AC5EB7B7DB4760396FE0404876CFAC95C8C8A4397A2F740C2E04C110F995E886588A6E058781A08C6B2F5A12634D391AE29F8BDEBBCDEBE8E37053382E860894FABE97A29D61018F71E1499C673CB0CDBEF4D947824009C8910CF4017D26935B3A07D64FC447AC8F587071AC1B9F8968B070E2A323D6122E81680AE1604D743B060F7425E33D4AFA0EE5AE33C536E53D82C0CA8BB92FAE83892F2C88A7E0E25B190EECBA7F7DDF11205002720483BCE04F442CF85090CD1349514633B93559B2DA121A637C1E535FA1381C231A7EDBC26530B125E3A71CA794BFACB8CAF346469058568D63510828E0C7F1B64ACA6D31C498D0F22E278EE3F9CDDC16A7E11C82A1CDB96DF5A3CFDD0D028B798B3FB2C574B61D3D7804044E2422423028BB110B44837513A53862B20E026EC3DE2A445926544444180ECA6FD65956E49B5A81F3E110D769F4C1E4BDA9102AE3994AF1BC982FF30BE1F3C27F8419ADB86A3829E2388E7CC45388987B9A8BC0CE112801D939E47DE11A02B80C0483A31E9D8412C1E0E1BC76E9C921F93DA2717290FF701B9CF1ACBCED0C488CC3DBDB714E6F2C215E26F1F16A2B335000001000494441544066BAFC36C6F1554B26B3FC44981C1339B106B3A7897658E03A9CC3417152ACA3EA5591EE7D1B47A00464E390F6811744009110B244980D759CC779B78A9325231088866B29CEC582E2B380E3E06CF84A27B690F9867062F468CA79DC88FA5532CE488C2DFD4514841DD1C6228AC88D9514FF0C22B76D703857E973EF2902372150027213246DD812026246E13484C6A08750B73FC81B9EF23EE7D79B79A1CBC45A9C03111CDC8BB01E08C9FAF59B3C16A68663E278A6C8B742958CE3F34ADF47F14E8743E12DF020AE0287C1FBDCDE2742C5F3B6171287DEE6BCE7F55C11980D022520B3198A83ED888088443183D3E0FD7CAB8FE5EDED1A918C4DAAC2E25BB1F363B03AB75114A7BED3088DFB3699F5851E653C1317441F338EA7251D0EEE88373C71D4137252981591723922221C4C8E715C366CDAB4982DAF6B2A02BB43E06602B2BB77F74D878F006F670111710BE77D2D4221E82091165191C8AE742044466263B17CC2B988507BDE73B6714E9043446B3C9BE84A1C34C73CDEC5E512628535164F6F7A124A70CA6F3BF7211874333CBCDDD35C040E068112908319CA597E086BA1B33A66454E6C8360201408066531D116710F8272D6BDBB6AE7A92EE8E1781F053625B7985B220723742230BF492EB0C115CE88888AD737FF8B34371581C345A004E470C7760E5F265406473F66A8AC88ECA38D50100B093B62724630E6D0D7D3FA40C92D58A2731C13714A881DAB2FDFC3CC9623A1F0209B30A7F59EE622B018044A401633548BEC28A5B1701A3CC7F92F10E3CC81B3380D4C56501F931338223A1761CD39E7A5E924B1966208201821EBA8E79EB4F6BF2270C40894801CF1E01FF1A78B656567443A0B5BD822087607A46F111EC5C655B6241E107144FCE471D0B20814813B1038280272C727F5FF22700302C298E02484F9A0E8E688283AADBD2E88A5701B742F14FD0231E22C584831BF1D0F625525A2EF386E59048A4010280109084D078300FD0A9F0ACA6D565B1CFE100BCE862CA328E7ED02C87A8A69AD50204C69857F1F2088352550E1381652E427C741CB2250045E8D4009C8ABB1686D390820009CFBF863D0B3D8DF9C4F88F8591C0BEDD7211C08CE419873C106E961E831587F8929B5FEB5B6D14574869F8AF85AFC35842C59BFB6C73721D0866344A004E418477D39DFCC5BFBBEE92EFD03CE40A88F97E618C7F09C949CF47E2F252EC29E17F74C5D84DE07A6140A04B17871EA1749BCC207F1E02C483FF2F88BDCD86B8AC0B122500272AC233FAFEFB63B9EED63110A26BFB6591555D7E4FFE3E9AA89DC1E17FC3098FD3201BE53DA71223CDD8536E1EDFEA2B45D25710EB44F887B11245C0CAB31C7CD45A0089C814009C819C0ECB8F9D05F67B21FDC8148B93CCB7113AC9B889E5E10009E9ECC8B1B51E053C1296F100A565394DCBCBABF3CD7E12C4E1343E5D4A513074004C38D8816C7C027E580823D4553112802672150027216326DBF0A022C97583DD95A555459AB78B1AC889C100B26B23808A222A1DBE91810097A0ACE85F41AEF97176B172A7D9384228FBD29211E62567116B40D2CC5BA77DE74611B8A4011B8198112909B3169CBF908F0C416BA03B7F0C85C4A5740ECF4BCD4E922889210091C032F745EDA8802CE0291108EDD39DBB10A5268C226AACAED3B4D88C7E3F246117E1136D656C465696A3A2A04FAB15746A004E4CAD01DE48D444D4C586D7044B7F0887CA515BA985538825FC9B128B876E2A397E065FEB2B47D6FB26B593F5162D3692010080991139114F1502E9B45D2575CCE5DD31B04EC23530A139FA2A90814818B2250027251A4967B9DAD5E6DB6240C87099E1EC1EA9BAF84C95DD4587B5B50407396FBF97CEAF39345D165F92420A2DFC9ABD286687C704A0E77741A22D5E22298C772C043607E23E7E79A10488E83BE4BE8751EE87432BE79AE7D6EBF8AC06C113031CCB673EDD8A90858E1BF67CEF08160C62A0BE8477434B25DEC28A76562249163EDC741713D380A8102593D7D789EF5BAC91CEE4491E52FC133FB5DD246E4E45D8F4ADDB57C2EE832701D6992169529C70541D469622BC4E3971C341781227079044A402E8FD9B6EF10421C77600F09FA8367E48514CEBF93124130F109F4C7AB5AE03F99F735BDC2C894D9B9FC245162133BD99B83B9ABEB3F3167A6CA6B3BFBB9573B7D867D39BC27971D44B2C99330263674F241446EEF9D0AA299A2A9081481AB2050027215D46EFF9E77CE23ACE86D936A5237C9DBA408A1600D843BF8B25C43364F6444DCF20639967E33FF2108322B270481580A4190EF97F33887910508441C6C7AC434965E02A741F6BF0FE575BAB7D38420C3D71E1E5EFCACFC0753E2BA549B8AC07211D877CF4B40363F0256BB0884499BE847887013BCA8AF14B50880CD86E81FACF63F3B5D101996421AA1B05236B9D32F200E2C981006E71005A567CBC4310882984EEE91E922F2C8A62060BF0EE23B1C16BF0E983321DE940F495ED154048E17811290CB8F3D4E0081A02B401828A1591999A05E91C7D10F2010F411380461C29F987666A226323A04319758322110C44F6235210E32A53582C1C4147110D309614078F298A60B20C0CC1887C6C39C1322F19FE8BBCC8E8DD3051E31AB4B2C1AFCE658C6D159593CF86D58403C263DF55BF33BD446E4E9F747DC29E3B46C84F551B9AEA9086C148112905BC3291693153E05340B2393913FD0A7E5560A697FD0436CC4212DCDD713BF822FCC916BEC2F8140D85FFB4169634AEA0F5E0C264100D3D4749B0830CB2512A418A7E3F0389656C478C6CAF1ABF33C6BF749B79840E3408574B12021DAF49B631987502018CC905994F97D21287E63DA88E7109B3CE624B13CBB4B6A38AF144D456073089480DC8CA549DE1F210EC1AA1F11107A8309AC95EDCD77DCD122B81FF3505ED8C28A7B8E3F642B5F4AE98604BF03A76DFDFFE03C18B12012BC73EA883D9D8FC9758E06017E231611FC6B9851237A38060E995F97FE3F3699F8924834D55B26DCAFDD1EE9D08486C1B51291CACCACFD2E6FF9905E50042E834009C81D6899EC4573B5A223E2200660B1C3EBFA8E2B5EFDBF607BCFCCE1103F59F5BA9F9F0511C337E49C3FE4144D3B408092DC248C48DF2BEF337E264CCE90B811E395E6BDA5B7CC9B89251104E2480E95F629C1755A70F0E8C79DF2D0CFA5E7265182F9DA085FCF52CFEFD36F4F265A45946020F024312831AB8CA339F7C13D5904AE82C06D1090ABBC6E96F7F803FEA9F48C992B9972AA37240E7694AF64CD7C30F84CD86762889F88176EB8A1073B4180684618152B6E63E8A5B84013A709F3251AF69071AF385626D8C49D7640C419114909D4F8A6E9130E29C599C93D7E931632088FC50D5D8EDF1E42E31DCCB8E936CE7C484F14816D2370AC04C41F32D6DE8ACEEAD5CA6D8A35B1152536673A2B48CA573274E2056286E9B5ADEF1E81FBE795CF4E669C90626582A63BC00532D9D5B68B6CA5FF1979118E87C3A6DF86499FCE8C0936AE20A7CF4CF636E1F5EFB7C85A8F91056EE2AD73070E4A887B5BF1D279D085A4B9A908CC07816323200F09F43F9B4C94C007E3B5531FC91FE817E540D80FBA0B2B46B27322913437CD00818F481F8C9DA08DC442ACDF28C879CB9B88737AAB89B51C8EC04282CEC16FC976B9F40B42C69CF772624DFDA6E8A6974128EE961B103E6226D104EC7792A65BA75E5104E680C0311110A6B3F413568D53ECBF2D0776B0B3FB1D91883FF23435CD0401BFD1F74F5FACECBF2925EE11B1B7F2473CB6C571B0BE233A624C3114DC0C212C2C4CFAEB1677E9DAF5247CFD77E588E92C628113C1E55A9C8827C6C438A79B8AC0B211F0C7B9EC2FB875EF99D85A314ECD184D04741A6F91DBED44C75C72DFCAD674A5690D010AE1EF4E9BC998DCDFC44CA4431F2042F02B736E53897ECB33BD8B5E8518935E8C3105BDC359EF21BAF2FB722F8283B3B8472EB6B708828758E056D2D454040E0B814327206CE38939AC188D1C31C13BAE562B562F741ABFA6B1797608305F356E443A42B088042CFC0AAE8008E9AA1DE60FE13781D36418211696C093C2C810578A528CDB61D975DA3B38E5E91305B6E80188850802880F8E88AEE2B4FBDA56040E1281432620ACA4385D1938931111024525EE435BF3BC10B08788D02FACA7708438472B77DEFEFC6F047A64027B915EB3726200C1D4950104A74F564DAC96FC2628DFC522B37BA2C09388C069CFA5E4A6ACF71C8B10CFA5E8762C44CA69F7B4AD081C0D02874A40C89D292B0DA4C08402E951623A6E9E170256EF2669CE6F42BFDC2DDD633A2D8ED5DBA6CEA2C9C49FEA0D89D2DAB54C78799D5B1CD071113FD159880966EC9F9CBB28A94500487585289DF63CE7C4C812A9D76FC76FC8F3E95C701CBB50D2EBC3A1E77EDF0121708804C41F3E39B96162B5232CBA7AF37C10B019155114D114D1D103AE75CDAA9E7736F190A8B908C3C7E71C33574E9E4CAEE9147E316DDF9CFC35C994D21608F4257ECFF63DB16F092E8373A163BA935C7A92F88FE03A4E0EAEFD273CBEF72258EF9B36CFF49E549B8A4011380B017F70679D5B6A3B135C7E02261879A9DFB1D47EB34EA26322EAA14B30B173BC44C84DF808868092AC995E271FC94C9A67363D04735CBA0EDC83186144454459B96CE53EF72324F4228253329F458CE8B31019110238EAD96C8B91846B101716769E31B21D08713BB80BDEDC08156BAB63086F3F306859046E1B81432420262BC050922ACFCB569DCE93B1F3111196849C9BD58D89C9E4423EFEE6B968B4B1DC5ACFAEE570683FF17BE7DA6D24229BBBE4C1FAE27DFA294AAB63255351FD32B972426311C4239B331AC5B095B57851BE9348C76ADE4ADDA46CF21535581E750607AC884CE41CE58887E80FBE357DA0A7106B8A0512BD045D81BA953E1191D84E42D71327513A0BBD617F9387E65E22AB142BD77BBEC99FBECA64CFB703CEC603E1C189D07DB84F7F700ACC79110078FB56CFE0C047042686946F356EABC93F7DB49810970C61A3FB107580E8EC2C71D6E4F6568B4011380D8143242043F42072A9894926D336F99968E44FBB068658441C0A59D020268F4EFBE726DBBBC3E44AF66D656A9262DE69C2311952F29ACC84CE109BC88A5AF809131B5D8B15B5BA89565627D757FF853CDF3D26352579BD8957E93A132FB350A217A6A4B2779A1C4DA2426428ADCEC9FF29885916D99ED5AA9A05936304C38A9E3259E683206B6366AACFACD0BC9748C8BBE55167A164F247045E983E9BA07D1B2384A7E41836DE8723202A44A81027A14464FDD03FDF99CB4F92C91A21E1698D30F39330A973C613FCCF5E283039B978ED3F5C8271E4F7610CC592322EDEBD76E9F5431C092EE3EE69719DC8B5BE29874D45A008DC2E028748404C4656D156C81CCD4C3AF422B0B20A657A49B98A5B30B19A98456D151C5149F4F1AEB9D84AD60AFEC35237E95AB95A15B3C661D16512241AF1BCF5CC5C943CDDC425ABE314D4BDD7EA59A80B7B8198183DC7F35CE7D9CC55895EACD6653E2C42C0CB56E5BE8B8CDFE48D5020722674AB78564BC2B0884A6BF54E194D5C0407319A5825D11121AC9BC8FA61F29F66319B9E10DC9E9A4C118DE82028383CA6B2886D4E9D99E0047FFDB420403094FAEBFBCFBA91B51DDD0A4C8D096E14D13FEBFAB617814B20D04BD71138440262954B446312B112369128AD40E581014E805C7D1C9B00477D17A5F7511A9FB5E2DE451F363D5E16E70000043949444154FD0EA234A22ECE7F8833473C259D881024A7396B12F971E644F888A77063328E0F77621CCFEA27BF0BD710D7518E23BA880EEEF0AC7BDA5E048AC08610384402B22168FA984B22406C66E227C622FEA26FA1A39812690486180D67679227EA2316A357A10BE16D8EFB38EDD59CF8880E715638425C1EC2412C859030C13DEDBEB6158122B025044A40B604EC113E165160814557424448E9CF4A8AD8C9C44FB722F43DAE8BD810116008701A54445E14FAC45DB80A5CA46BC52C2332137D57A8F4D3EE6D5B1128023B42A0046447401FC16B5E7EED1B99EE3E2975CA7DD65B742FF41F743C0C04726A8590E04C86F5166306FE1EC2B12316445E8C1B28DCE935DCD35C048AC0CC10280199D9802CB83BACC2E89A041F6411263BA67792DF26DFC64CD716AD94E9742314ECACB1ECE448E1CEAA2D9735158122B05104B6F4B012902D017B848F25526218C0BF846F89EC98E59BCC5C78042E3C4278FAC945E0F010280139BC31ED17158122500476824009C84E60EE4B968D407B5F048AC0690894809C864ADB8A4011280245E096089480DC12A25E50048A40112802A721B00B0272DA7BDB56048A401128020B47A00464E103D8EE1781225004F6854009C8BE90EF7B8BC02E10E83B8AC016112801D922B87D7411280245E09011280139E4D1EDB71581225004B6884009C8B9E0F66411280245A0089C854009C859C8B4BD081481225004CE45A004E45C787AB20814817D21D0F7CE1F811290F98F517B58048A40119825022520B31C9676AA08148122307F044A40E63F4657EB61EF2A0245A0086C198112902D03DCC717812250040E15811290431DD97E57112802FB42E068DE5B02723443DD0F2D0245A0086C16811290CDE2D9A715812250048E06811290A319EAE57C687B5A048AC03210280159C638B59745A0081481D921500232BB2169878A40112802FB42E072EF2D01B91C5EBDBA081481225004AE215002720D881645A0081481227039044A402E8757AF2E02E721D07345E0A810280139AAE1EEC7168122500436874009C8E6B0EC938A401128024785C0AC08C85121DF8F2D0245A0082C1C811290850F60BB5F048A4011D817022520FB42BEEF2D02B342A09D29029747A004E4F298F58E2250048A40110802252001A1A90814812250042E8F4009C8E5313BED8EB615812250048E0E811290A31BF27E701128024560330894806C06C73EA50814817D21D0F7EE0D811290BD41DF171781225004968D4009C8B2C7AFBD2F0245A008EC0D811290BD413F9717B71F45A0081481AB2150027235DC7A5711280245E0E811280139FA9F4001280245605F082CFDBD25204B1FC1F6BF08148122B027044A40F6047C5F5B048A4011583A0225204B1FC163EE7FBFBD081481BD225002B257F8FBF22250048AC07211280159EED8B5E745A00814817D2170F2DE12901318FA5F11280245A0085C16811290CB22D6EB8B4011280245E0048112901318FA5F11D82D027D5B11380404FE000000FFFFE791391700000006494441540300B0EA89099CF8EB240000000049454E44AE426082, '2025-09-16T07:10:26.3378701'::timestamp);
INSERT INTO "ReportSignatures" ("SignatureID", "ReportID", "UserID", "SignedAt") VALUES (14, 3, 1, 0x89504E470D0A1A0A0000000D494844520000012C000000960806000000645BB5D200001000494441547801ECDD07943C4F5107F0D50792836490A06425A36404545032028A9283181044A28427067C284A12501141320F501490F408A228418264C18020888248863FE12FC1FADCEFFA7E7D7D7B7BBB7B3BBB3B3375AFEBBABB3A4C77CDEC77AABBAB7BBE7D927F298194404AA0271248C0EAC98DCA66A6045202934902563E05298194406F249080D59B5B75FC86660D2981BE4B2001ABEF7730DB9F1218910412B04674B3B3AB2981BE4B2001ABEF7730DB9F1298268181F212B0067A63B35B2981214A20016B887735FB941218A80412B0067A63B35B2981214A20016BDA5D4D5E4A2025B0951248C0DACADB928D4A09A404A64920016B9A5492971248096CA50412B0B6F2B664A3D62781BC529F249080D5A7BB956D4D098C5C020958237F00B2FB29813E492001AB4F776B186D3D7774E32783BE3FE874415DB9DFE8AAE2AC7773123826606DAEE179E5AD93C077478B7E31E82E41C0E2E9BBFE83C27F63D0EB83FE30E893417F16F4F6A0AF063D2568D5EE6FA2C25F0FFA7090B0EBFD5584FF28E87A41E97A2A8104AC9EDEB82D69B61FFF93A32D6F09020E000950010BC0C57F64A45D33E83A41002DBC7DEEEE110370E1ADDC01516DA4D1DD2C6ABF47D02B83B42DBC747D934002D6C13BE6C7E381F6907B3BFB213EFA60B6517380C09B4202E4F373E15F35E8380EB05DF2381534657F28E2B709FADFA0FF0EAADDE92372E7A0743D944002D6FE9BF6BE88FAF1D0120C23FC30BDA5EF1F7C7E788375805AE7CEE2DF14C2220F0005A8AE81318300C5DF46FA3F057D22E83F827E3E08985C20FCD706D58E1656C78F1BFEF3A8E03C413F10E4DAE1ED39FD407B8C0CF443020958FDB84F5DB7120001EA6FC585DE13F48620433D2006A01E1BF1CF07C9871FC103EE4F820390000450FAAE88F32F1BFEF983BE27481E20F6F1DD70787BAE2BADC7B5EEB577950CF45A020958FB6F9F1FD76F06EBAE4186147E5CDECE8F89383FBCC13B9AE4B5A297800A8801A8FB46FCAC41D31C195D2A12801540FAC708E38537D319AECDCCB0C2441A5E5BDDB21A9672645448BCAD7B565CFE550E7F675D6B70690958076F29ADE219C136A4A021D00C1E10F1213BFD04D456D1F47B5E30915FD97F5D42387EB84B145BAAC845A7947AE9145ECD6276611E13709B22405F890CB44CF39A854ADC74026DEE5D91475EFC42EF0D9E74C089F72F11A7CD7A19185A9F29E25BE5B6B5310958DB7A67D6DF2E407DCFB82CCD92C6244C536A354B1A1440BF49E49527BCA51CF386BAE0BC2059979937DC82A33E583504485631CBEA26500128C084D985794CA062110699B09F764DDAD66522E17C41570892D7350BD1DCA59F37D26A070C2D5E3C6C9779B1F0D5E55E68C77D22AE8EF0D2914002162924B512F86C308AF644C3FCB6880331DA94392A43E65704EF38EEBA4D613FF686B5B2E8F73535891BEE02247662CC2D800C50D904406803997F30DA4973D336ED785CC401177BB56745F8EC41A3760958A3BEFD0B75DEB08FC6B550A119993FD7A4D1341AD6CAA2DA5E57764A1D39245C56396963B4BF7747BE6F061DE6BE1609867C34521A689115208AA409BEE136235AF926CDDF2C30B223E08E91FFA341402CBCD1395AE75D12B03AB8EF59E55C12304754679CF623AED38F13BE5C53986665CEEE06C1BF4510F387A249DA3A44A32CAB9C344ADAE51523DF19836899F2A26747BC38DA51590DA581CAA79E734406BEFC86DBD78EB87CD20BA8056B2EC7E4C430D190F5B673951846265A26ADF3E90958C3B8A17DEBC5EDA3C12D60BD2A785D38006462BBAE9BD6E48DCD16CC961D1A140D489E4FF9D750D19268514046DEFB451E5A4F78932FC53FF354E1CDEDD403D8F87317AA323E3EC2FA10DE785C02D678EEF536F5F4464D634C707FA0E1AD2A6A71A0ADEBA815C2367F1B7F67307E29A8B83A5C78F3F8808FA665BE709EFC751E404CEBB871CD1C68988C68C4774DC01AE81DDEE26E5905A361D54D34A15CC75719A615D5F5D9F748A3AA79F386AD2A7E39321B1E8637994C2613C342735625BE8CFFE02874CBA0FF095AD43D74D1023DCD4F9B7C4602564FEF5E8F9B7D95A6ED6F8EF81383BA729F6E2AFEBD263E6F14D002AC333405FEB2892F13FD62147A71909552DAC4F3223CAF5366DEBCBDCF9780D5FB5BD8BB0E301DA81B6DD5AC8EAF3AFC90A6C2CF34F179A3EA0158757E433A4053F38E1B36A775BBA8C4443DBA7C840D8750BBDA19491346AAFC515002D6286EF35675D20A59DDA027D5912D0D1B8E30F2AC9B675809446A5E176156F2AE8FAC56D2C018BBBE3C2E76F5A047048DC66D16B04623E6EC6825817A759086F2A12AAD8B20538052AFEBD1604A7C1EDF50D0E4769BF7F9C138EEDC5554B1B0D37EDADE4DA3A4F9B8F0C6E312B0E6BBD7AC8E9121C105E72B92B9A648C08FBF06AC574FC9D325CB5EBF45EBFFE5290580C6BDA7F093D5B10412B00E0AD87231EE13E21F83B5FFDAF585191C2EB3041D55A40B099C33A87656DCEA7817E1FA9A361D2F728D5B45E61698D864B19F8AA474EB964002D609897BF3DB4F06946CCA6549CCB68656E5B0B913B94EFCAF3584139CFC3F870476B290E74E60F79F97C16EB013CF9E41F7B654FE911298D3D7DEF637F29C286B68195EBA754BA0BD19EBBEFE3AAEE7A13394B3B9D5C42550B2B2E2A308C27E34369CDAB12FEFAC36393DB38B8F26CCBAE690D2CCBB94FED054BA3E7AFA0B71B1AF0715B7C89C8F67C54BAB94E55BA56B352EFCA4354960A88065B3E8F54386C0082819CA012993A7400978F9288270AB4145B13D6703AC83E9ACCC588EB7FDC283BC972103734B80AC5129F09212E8D0BF78D47D9AA0E29C5555C2B37C7B0B3D2B6D9E5F6D19195FAF04860658D47F8062E7FF6B4294B3C02892A73A3BEACD5178D86D80758AA649D6F74FCD9DCC792560C85DE75DC784BB2161B92633847927DD7FA514AA7C2F3CCF46C5CAE02112E88C3D14C002522C8E0DEDBC19AFBC80C4001280B22B9FA19E1DF596ABFF7D813A32EBD112B86195C50B60116BEEAAE842419A52295016534A7C967FA72989779BC24BD69A253004C032E40352F6621D263E3F10C0C4474ECABC44640650867C00CA0EFE60A5EB400234D5FAB4CED775708D6955D62F2E1AD6B43C2D8F56D6829BD349DB7C19DF8004860058B5D8804E0124E70F19D6997F4280898F982638BFA82E9BE1EE2470A5A8FAB441C53DB5043AF6EB21E08BE6BC567BCED4C7A2DCCB82D26D810486005800C81609DA92619D3840B2F46C5807C0B640D47337618819DD97D22FF7A50692C2EFC2B727AFD43BEF35BF510AECFACECCDA0DA6B769090C01B0C8D01C163F693B2570910D34CBB0AE5E219CD7A4A1FD3EE271CFAEDF40D7877BC9A100D670EFD0307AC684A4F4848655C25DFAE6ACEA79B3572E79B1F63CAD25ABC962AB904002D62AA498751C2501738B250F2029E12EFD65B56EB67B75BBEA89FB9ABF927056B2980412B0169357E65E4E02EC97ACC49A5B74BAE672B52C56AAFE8CD822F3986F6D2E63D5B0616574531248C0DA94E4C7755D80C5D68D3949D7C7C914C9D6C7CA2C62F3D57E61E73B4B85E96F5E0209589BBF07D982D54BC00675546AB66FB1848FF2DB1350ED1F3CAA4CA6AF4902BD06AC0E64B4ECBC47074DC92A8F2181D62A9D86376F75ED10D0B708E72D9BF93A964002D64901FB3E1D8B7996F327B919EAA3046AE3CF45E6AFF4D5C91EFC428B1E4953CAA5DF810412B04E08155895ED17EC774E70F37F1F25602858CF3BBD6D814ED83CDF663FEE370CDBFA327E0C0924604D264F0EF915B07202A695AC60A5DB2A09CCDF98722F4B89452CD54F8942ED7CD74583976E4B243066C07236936390EBAFA198AF70909FF3B36EB425F7289B31BF046E1A590DEBC3DB718C541739C6868DD8A93B254FFEBBFDC96086362D81310396F38DDA1325CBFD308F41D3BA6461A4DF0B09DCB869E55F34F179A2ADD9C535A390975B78E9362D81310216CDC90EFC7ABE62DAC658E9BEFFB6E97B94D79F4F02178E6CF7082ACE07271E50220BF8776CF29AD3B41043F36E9232DA8D040EAF756C8075B51085A34D9CCF14C13DE7534EF78B982391C3DB73CED8BAD85E2C03DB2C818F46E30C01C3DB71BE1BB81358F09F133EA61D45E3C454D730EC5CB0CACCBE2A098C09B0CE1142BB7F507B6CB2656B763A8F8BB469F315002E92D2F5400286F8EEE5EF475B17356788227BCEF6211F1CD963EC062E14BE55C3F7842F8FF3D622986E5D121813603D2A846A6E2ABC7DAE3616F590B7DB38CC61EC2B9091AD958083F61C717DDF68A17B19DE528E753B4DCA3CE6B40A6CDFF99D48F8B720C3CED6D834D8E9BA90C05800CB57745AEB67F2740AA94DB9C285DA4F4F7D472498CF0AAF0F2EDBB82209185EDAFBE84537AB4AE9B4B17747265A173BB008A6EB42026301AC474C119E21A073DEDBA47704A37D3B7B78839D6E8412F0051DA7D93EF788BE5F3ED2695D6F0F9F6D9F4FC94530DD2A253016C0BA7523B4F746DC247B78071C53867619DB4AD1818CC9189504EE10BDBD6090E3B85F18BEC9791F6A8DE001C7B68FD9CCB722E5A141B70A6A9FA960A55B540263002C6FBA764877F31982B26258273F3B220C0AC34B37720938DCCF9CA7B95013EE3E7402C06669E0B47BF6604C230AAD0ABC46773BC60058ED19DD54FBC31E3067285DB1790A7CEFB061653425B02381CFC47F0006B84CC403AF597B170115025C4C6CA278BA45243006C06AB5AB597BCB9C52D9AE0A7E7D118166DED14AE07DD173E075D5F00D1FDB79D060EF730C98F7313272B404860E5836AEB68065FEEA30C9B496ED6C7A2C951F963FF929816912A0C5FBDC9CC97ADB85AC46B700D6C6A7D593BC46024307AC7335FD65F0573E88D0244D1E1B8CCB04D5EE257524C329812524E06B3D56A301D895A2BC61A3EF3426608530167543072CAB3AB54CBE5A479A707DE89B24B635DE94C24929815A02867E757CDEF0BB22A3B287BD342339DD2C090C1DB0D8C6D4FD7F521DA9C2B6DF9CAF8A5B157C6015CF604AA048C05C95236CF88597FE9A243074C0F260D5A2FCFB3A5285DB1DFA36CE52E5AB2C19ECB30456D8762F33D5993EB0E2279CB426090C19B0A8DEB518CD1930F6AB79C2B652D87E235CE88F4B20FD94402381675671262F095A9540BA0E0E19B0CEDF08EF594DBC445B3B2D6FD0F797C4F453028D04EC3D2D767CCE8E67C5DE64C9685712183260594EAEE5366D1BC50D23437BA48C0F52043B5D4AE05009BCA94A71A48DD3212A5606BB92C05C80D5D5C53BAEB735F8BCFA94EB19FA3927AB4E62855CC7339C126825C02CA1E6DDA98E64B83B090C19B0D8BED492736E913D609708A67907735C178970ED188AA629432D91D586C97DDA4672FC79AEE4DCA979F3CE53DFB279BED9143C6D13CF68471218326039E2A33DF2D8D7701CCE468B6A5710FF2F640CB0C24B774C09D85DE0E5504E2D7072C117A34E7277D6BA530C6AC2FF70A43B534A5E2F9387475CD8D1C40ED293CE364E5E65C59D201BD9D6EE2EDD5CD18A61C3CA681712183260D998FA940584769FC89B80154298D30115A0643B93B083EC804801132F072F0DA765A033EFD66BA27A37B8CF0372ECE6E4F5327958A40AFBF8838F4B480FD69E1377D8A26B58E9DD4BC8C070253064C072D7FC901C992B3C8B0C1FBDC567E5C9B49312A0E50015A0F4A0600B1B72039188AED5D1E21C9AE75EAFF5C2D5C598CC54D10C762581A10316B9D128255BD500001000494441549A4CB83B61D49003AF9007EDDE11B13935BC742B9280657FDB4F10339156EED32E63F8EE7E20276A30DEB595C5BDB10FCF8BC7666264C782BAEB7A80268DAFE675119E76965AEE39ED42D253EA1C0360E9F65BE29F13469D75E544513F80424F8CB4748B4980EC6CE2BD4114BB4590382029E47C282B69E852914EEED2E43B4FC4856BC2F7E9353E52AFBD9D360BD37E8198174F14DD71E6B5D4CD266A87B1FB0F68B5F677BB492BF17C98E205536A7AF1145E0F58FD6BE25800ABBE33BE74E207806A7E8617938021184D88DDDA2C597EB6AA563E1A57C5DA09E2EF0416FC77D7C8EF935EE1ED3893DF34B29DC88AFF39704F9F4FDFD4ABED34CA869DD12E243046C0EA428E59E7E6246035D1024B6901ED6B955A16530A40F50F71817672FFF3C14BA3D110C2BA5C02D6BA249DD7E94A02343867AD97FAD979B5C052D2A6F9ECBA0C47EB34BB1F58B03B91812985A1669D5EC20F898079B6F0D2AD430209584B4B390B6E91041CBE5837C704BD383042C285D850D198AC7432C3E07F2C12AD3416938CE744FC09418698E14D75D24CFE4F4D4C66371248C0EA46AE596BB71200386CB490F0CF3697735C10F00146C8C18D0C83F13E1079694C80AC36C3285A59CD8BAC531DA0B2A54B1D45A3B342298EB489B94521EDD1D6A99525737E092460CD2FABCCB91D1200400087153C126E3F1CD2B6F474C1384DD0AA1C435667AB69CB27A352DA199B3471A44D0C5A0B3929445B0158644FB7AC0412B096955C961B930456D5D75582E6AADAD4AB7A12B07A75BBB2B12101765A6CC0EE1961260CF5847BB08E748685327D2EFED9D7C8A8D50A2073978F04CF218F78AF8F704DAF8AB81549DAD32D23CCFE4C3BCC976913BBB0625B26CE16ADC4F9578832B4ACF0D22D2B81A10396B984656593E5B65702EEABAD548C4ADB15BE0F46B301863925C6A7CC0E7E307808DF330F40EC693401CFA8F51A91CEA0D8FCD5C5238C672EAA2667A7012BA0C55094FD99763068658B555BDE8BB7B659BED8F495A83BDD3124E0E61DA3F85617B524ED01E36F7543B3714B4BC0DC515BF8C78201305E18BEED3D0C4BDF1061841FC1747D95C03A006B53B22916D5C5DF543BF2BADD48C0CA5B59D92B57B06DE6432592FEF0243006C0A2D6B70FF6F0EEE4F87A6405AEEDF54FB78C8C0F4B024306AC5754B7EA66553883FD9780B9A33334DD3001DEB0323A34090C19B0EA4F7799CB32A93AB4FBB775FD595383DA2F1DF9DC16105BD3E5F3329B92C09001CBB126B55C2D81D7F10CF7530256F250DD7A7BFAEAF82AC356126DA80688AE7BD155569E752D26812103D6051B51B4F12639A33D9180D313DAA63AA7BFE5AD22FEE6A8C4561EC734D3D2ED3D64A7C5968BDD963D8C802CB5F710D43ADC9001CBD11FB50C3D68753CC3EB978033DB69291642D83B2DA3AD3CAF69363BA886B592A8BD7F4EAA3DAC32ED67E305C818A0329BB010F0E38715181C7F031D1A3260F99C572DD22E870DF575327C52028C376921F6D7D14A5890D352C469285E22F8A744113C79692C400D013643B21B453A7090F7AC11AE5DBDB852F38F1B7EEB82155C2BF2DB2BF8A2F0BF1004BCB43F82E95625812103D6AA6494F52C2E011B81810B1FD01CF5C33D635C421E79692C400D01314332A004CC22DB3EF7F188B5C724076B25EEFD510BA35367CD1B1A4674C217179E45678944E0A5FDBE2614D174AB90C09001AB9DD77010DB2A649675CC96C03F4732CD2ABC4E1D40B33FAFCB8B00505B7F9C06613B0F5FDC161F8B3AF60B32A7B045E8B076F89AD0348BFCC3F2277F8604860C58DE7075D7BD31EBF866C3C3BB3A0DC90FD30FF9B0DE7D2312CA9E3BDA4ABBDF2E92E772F6119AFFDAD42E065B7CBC10B5DF10D60A3440330D01C0DA4E305CA671AE03C8DB6B0F2A3E44C072B09A7D64ED8D7A66CBE830EEC75B56B33CAC778B6B9D3D68A8CE0FD1F0475FDB3E9A14F7B1085A89E355CAA906B4151A0ABE1F3C103A4C0B060C80CEF0EF267101273584B775CEC66B0006BC5E36A57586C8D2A724256B1E090C09B0FC589CC3FDB6E8F8AD836A67DEE1E5356389304354BBF8FDC0D8E598C4FFEBA8C71124EF0CDF4EFC4F85EF83087EBC7E7CDEAAB48E3F0DBEB3C7C31B9C03CED3E697BE183D3561EEF81540432B09D601876F4805842E1BA9E48B801C6DC5A7BE2E177C4087673E2BA25BE166818FDD15D33E21678E0EC06F4507FAD6883E00567928AC1AD5F215F763C1733C0860700EB7A1025E2113B380A6C48FF26946BE8B77AFC8F8B420A0C444E26B11064CAF0B9F5DCE6F87FFC341D70952BFCF3F9D33C28E2D096F340E38B7366E2F8DDE5BCDB3DC1FC1851C004340CEBDF791872F2D5443F799018E7E031FFE6157F491DEDB4C26079201FC4D0F709371A404B61DB03C0C1E0A9A8A49563EB2242E2E1D503982F6B0CE7A7BFB60801F152DCCC3864CA8D294FE200A02A1FF0C5FDD34A35747D8DBD11B1D28F9F105EB50F7E548D196C787EF7CF1EB876FB86368807E26E24304B2C745BF5A8777F3963990B897A443F80CEDCACBF2A8AE1912D314EB7C9EC5FBD78C0CCF27816D07ACC37AC168AFA401A13A5EF8A746C0DC873719300148C0CDC386BCE5684A862286201EA22832D379D3331034DFE28163080990CE14A500DB7DC27F6A10ADCCB523B8E3686A4EB8DC890CE81FC0AFBBE3C779BF9A3190B0670C50BD31FAC3A034BC1DF7DCF8EFD9096FA6A329B6A005F0EC819C593013F74B60DB01CBC3E04603089A4F0D02FB7B723066CEC91BD1C376307536C75756FE2EB298BCF703FC91089F27887D8D932B811CC07B6FF0C6EAFC80C9B8EEBFFB54C787107E7474C28B0E505D20C2C5792EEF502273F8D340CB51CB4E229DA3786621816D07ACC9643271A301840959C32C20F6DAC9F1FF7CED84B6E4C1BB7B54A75EE046637274C9758367E8688863C8B8A925F468C6D6B9F3478BDA619FB926734F913408C72CC6020A4DBAEE9067CF0280E7B2E6CF1356865656E7B5A0E0E557F3327C8804FA00586DD3FD284C8A331300362667E5A9B51D9A188D4C5ECBE1FC974426F4B0F06DA3386FF8B4250F91553C79DE11BC74474BE0DA9185F948787BEEF67BA1FE07BCA86CAD69E71DD98E9946F04C2DDB4B5A59FBE10CF3A99EC365EB1C4DB93E0256B93956EEDC6413E3B422F349E6B284696234325A93B721FF6C51D0974E7E2B7C7311CE7A670671B588A75B4C02376EB27B390CC530D750D71C67D3C5895562261A3E40D1A62D1AFF8528D06AEC166668AE9194EE3009F419B0A6F5C966DA697C139CA84EB372C80CC2279E3CA0CC19EAF40C1F2E01DB53EA54766E757CD9F0A6CBD1ACCC55B5ED002E0F0EE6C78256E118953226AEEBB2E8F36B3523C307253034C03AD8C3131CC33D742276F0BF07959660A7BD89FA833992534BE0B47524C26D3C58BD74D3E6922C245870B1117A959D025AA634EA3A0D17F3C5594BA4098F05B0749BF5BBE1A3392F1B74F15A7296111388561B6BF38D3DDE0EFFECABEBBB4CBCB46839753F9869A09AB7CA300DDF8A74A9F3CC11305C0C2FDD34098C09B0ACF8002BA0F5BD210CD6F18C4A23B8CFD1B08016E3CF7D0919D99340AB050CE1C44D2FB4BD0E46C08752CD59CDD2CC23DBB19C67F21E4D0DE655CFD7F006195DA6536302AC563EE6AE6CBA75AA24F5BC4D7F4D30DA376EB0D2850486A6815A31FEA9E85771A607D6A5E97889B6A0D82E6A94768DDE1F3360959BFF9608DC2EE877835AC768B4E5657C326957CA68AB76144C7AFAE744D3BAE90C86ED41AD795D86DB639F6D1CEFF27ABDAD3B016B32611AE101B10AD44E82B28FB14FD13071927F7B12B00B602F1281D30591936D493F1A613B03AE177E911BDF595185272E1C59B6C2B1E9AB1B62CAA08E771DB683A2BEC685EB48864F4A606C80E58772EEE8BEA56B2B823650DB5C6DCE2AD813E0D582964FA2B3CD996CD3DF86DBC2FABF6D02234BB644AF8A04D6E0644ABE3694F34DCC179EB8B0343B0E1CCB63FB0B3923697CF6720C8285F1109EB3E10B4F1DEA734FE3D24B392FACBAE03AB52BD73524E5176AB73C15FEE8FD310016759FD53243510FB61F8887DD8A20006B1F02A0655EA1E6D306FC586ADED8C396E05721032F10C7F2D81605741079F31DF2C70058180FE131122E3C6D701FDD5375892F4AAE5197018A75BCEBF0559A0BD891D1B0324A0243062C0FB7F3AB1CF8665F1843517DAE8941208D8A257CCDC77B53CD88B0FA9CF8D0E7B99AE8C6CA9C3D7156D14C50AFACD26356E4D48C65AA688784CBD4B16C1913EC9EAD529E3C5BB39192367A7FA8806512DD866507EBB537D9E17226D83D240C0269546D1E7B111DC5DBAEDE5835547E5A99B68E31C4D928D14ECCF5D14A9C3CE0081EC3B445FA5F8664E48E94E597A159BD77AFCE2B1F92F73111E087B7B033BF5617FA501DE938DC9ACF98F0DF7FC98CED4960A8806502DD9EC2BD8E4600C80028A70C4877B471B00F75CEAF3227E347D966BA733052D30A21EC3A56E03644FB8A8D09632F0A5AAA5336F86CDF9890D064EDF344C2E86251870312DD2F7C54C28E7311B61F948FEABCE248195FA789AA56E2F46325151D51C983221DD887B7E3CCFD794E7722F9EFA004860858267F5BC3BB4F44D7FD700C012338B7F3A635EC690D4CCD99DC69EE5AC695D1D9F5342D3F3CDB5AF8E604C990C64A0B42C2888C372D21E7F1D76D58D72A61FBD223A3BA1D196E243044C072A67B3BF96A25B0E9FA4251DA811F575DC8568E45BF0E5C97CFF0F648C0824CDD1A5FA2AEE3AB0E3B95C13569A5A56E5F8B6E9FB19296FEAE04860858FB6D5A4E74D4D0E24468F9FF862FED0365758706B17CAD59721B24E0A8A2BA1DC77DC1D575B561DAB9B3FFDB4520471F2D3A0268EB1E7C7C8880D5828A9B682E8A7F5C025A6522B8D4E5E1A66D9578FAFD9340FBCC18D65A74E9A227D39E17766D6D1BBAB876EFEB1C2260B929E6ABF885ACEEADCA8EAA9E242DF54F3B96A4A4A5BFFD120016E6D54A4BCD833E3C22FCF056E668E3ECC7EA0A7D9D29B780D51299111E2A607930DA6E33637854CB5C22FE8228330D10A75D33B2A65B9F048E75A5D658F3CA51DBCB8356E59C6CFB134D651683F2B96984322B3A54C0D2674BE9FC9AEE1591766526580B3B0F1935BE2EC8D4A18E67B85F12B0A2F9E9A6C93675B32973BF9BA485A2F6583A1DA49EB7325FA57E47CC2C54D998330F19B02CA5B79AD0E9E3663347688FF80DF6C2AE55E34DA6B6E7442D5C6916D89804EC753C575CDDD77FC2DBE7CC3BD1867C80A21DD2EDCBB81BF12CC807E86C059B36870A20EB61E86ED1F4664960C880A5DF4E746C1F0A13E4BECE2CFDB8D49E5CBAAA7A8FDBAE2CBFBC049C3461DB515B830DCA3E1C6BCF22ADCB9CE8232313503287691B183E80B267553E40D79AD838179E998C72513CDD2212A8006B9162BDC94BDD66D5CEAF1BED41025C356F9970BBE7CB06DE65EAC932DB2301CF8A8DDDAD76DEB6D09C284B75CF928518D6FDF2B40085578861E88522C20F2FDDA212183A60918749F2870834E44B39C705ADF6FB72877DB5A7B974467B20011A905542DB8E8E6B486A7AC2F6219A550FBABEBD4D1C036091BE379A9345856B025A1ECC9AB748D81EB73AFF47EA48867B2F01FB49694FB4261FEFB5699E45FAAC8E3191A09D0127767BF63A5A006AA72666D591698748602C80A5FBCE6E9FB691994AEF081A7916A1DB4666AB3CE1EDB9E7EF85B63B90AD5B4C02F61ADA986C7AE16C51148F3C7E93000001B24944415410012113E700CA26EF4B051F3849F312F4929416EC74AB92C098008BCCBCF5A8E7C23539E4CF246ACD3B2A6CB850E7516F3B095FA7677838120044EE37A0025080CB2AE3707AB8A53D191B60D972E1CD6828C70EA6BE2D2651ADF2F06BFE6161868075DAD86459F73DC32981B54860AC3F3207C25D3A243CCDE6E6D9C1B77C1DDE4C77F126B58D37C9194D096C460243BAEA5801CB3DB47C7DA508B416EBF61D3210A46D390BDE50D10712686778B6F7D0C20C0BA2F89E3B752F948194404AA013098C19B08A4059AC9B8F28F1DA77163C70625F55CEFD76B225106BB530F9EAB2194E09A404562C8104AC130235AFC558D079ED273847FF2F007674CECC91124809AC4402095827C5683B86F3DE1F18ACBD159F0817573E7E50E2AD6F19BBE5653C25901258A10412B00E0AF3D1C12A3635342F468076D9978F1FDC2CD25B7B2EE60C4C2622295D4A2025D0950412B0664BD6DC1623C07ACFE0CBA2880F533876D92E7C06A4EBFA68415C3A5D4A60BC1248C05AFEDE3B2AF969513CADDB43088370D989AD974002D6D6DFA26C604A2025502490805524917E4A2025B0F51248C0DAFA5B940D4C09A4048A04FE1F0000FFFF2960389500000006494441540300E5CEEE69386166B00000000049454E44AE426082, '2025-09-16T07:10:26.3379563'::timestamp);
INSERT INTO "ReportSignatures" ("SignatureID", "ReportID", "UserID", "SignedAt") VALUES (15, 4, 1, 0x89504E470D0A1A0A0000000D4948445200000190000000C80806000000C615B7E200001000494441547801EC9C3DC82C49158667C5604305058D744123138DDCC045CDCC5CC1C4605905418C5458D14CCD140D343212DDCC40D05010D1C585150C343252D44C50D040D04059CF33F7AB4BDDFE66BE999EFEA9BFE7D267AA7FAAEB9C7AEAE3BC5DD533F70D07FF494002129080046E20A080DC00CD5B2420010948E0705040FC2B90402902FA9540E3041490C607D0F0252001099422A0809422AF5F094840028D136858401A276FF8129080041A27A080343E80862F010948A0140105A41479FD4AA06102862E0108282050D02420010948603601056436326F90800424200108282050D8DBF427010948A003020A4807836817242001099420A08094A0AE4F0948A01401FDAE4840015911A64D494002121889800232D268DB57094840022B1250405684394253F6510212904022A0802412961290800424308B8002320B9795252001099422509F5F05A4BE313122094840024D1050409A18268394800424501F0105A4BE3131A26D08D8AA0424B03201056465A036270109486014020AC828236D3F25200109AC4CE06A0159D9AFCD494002129040E3041490C607D0F0252001099422A0809422AF5F095C4DC08A12A893800252E7B8189504242081EA092820D50F91014A400212A893C00802522779A392800424D0380105A4F101347C09484002A5082820A5C8EB57022310B08F5D135040BA1E5E3B27010948603B020AC8766C6D5902129040D7041490AA87D7E024200109D44B4001A9776C8C4C02129040D5041490AA87C7E02420815204F47B998002729991352420010948E0040105E404144F4940021290C065020AC86546D6B88580F7484002DD135040BA1F623B28010948601B020AC8365C6D55021290402902BBF955407643AD23094840027D115040FA1A4F7B230109486037020AC86EA875D40A01E3948004AE23A0805CC7C95A12908004243021A0804C8078280109484002D711585F40AEF36B2D0948400212689C8002D2F8001ABE042420815204149052E4F52B81F509D8A2047625A080EC8A5B6712908004FA21A080F43396F644021290C0AE0414900CB7BB1290800424703D0105E47A56D69480042420818C800292C170570212284540BF2D1250405A1C35639680042450010105A482413004094840022D1250405A1CB5FB317B46021290C0EE041490DD91EB50021290401F0414903EC6D15E484002A5080CEC57011978F0EDBA042420812504149025F4BC57021290C0C00414908107BF8EAE1B850424D02A0105A4D591336E0948400285092820850740F7129080044A1158EA5701594AD0FB252001090C4A40011974E01BECF63B23E60F857D3BEC0761DFBFB35FDC955F8DF293616E1290C04E0414909D40EB6616812416880202F17ADCFDA730F63F17E58B61880586A8507E25CE212A7F8B729F4D2F12189C800232F81F4045DD4734926024B1401410883961BE654E65EB4A4002B71350406E67E79DCB094C4563AE60FC334278F5CEFE10E55FC3BE11E6260109EC40A0A080ECD03B5DD44A80252796A398695C231A3F8D8EFC392CDFBE18076F0E7BEECEDE1DE5DBC3BE1CE6260109EC404001D901B22E8E04100D96A8789FC1BB8A734B5308052FC9BF1677210EBF8CF22361CC56A23870EDA9C3E1F0AD30370948A0200105A420FCCE5D93F0110CC48217DB94CC36A6DDFE7B9C6029EA9528BF13F67218DBFBE3E357614968589EFA511CB3D1166D4F2D3FCF7E6ED4CD8F4FED332BCACF734F12BEB4CF3131D13F8C789A330396C01A0414903528DA060448A624591230B38CB43C45C2CD5F6CFF97CA9971ED4D71FCC130BE6185C8700FB38E38F5787B5BEC7D3C8C6B18F5B0CFC4394A8CC44E895187634A2C9D63FF9CE5F5A9C33DF48712631F4368E81F465F31F69351078307EDD02E06A308D74D027D105040FA18C712BD201992205F0BE729819264499871EAECF6C6135758B6C27E1DD7988D4471DC7E179F2C65611F8EFDDC9E89638CF71E2C69B18FE5FBE9987318C7E78CEBC9F23AF84CC7EC639F0ADF1871B1A486117F32C402E3EBC6080982932CB1E2986B181CE1C63D94B0C538A64C166EDD24500F0105E496B118F39E0F44B77F12C63B899404118C67E3DCA52D2556122D4997E44B22263193B429394F5BCC46A8CFF5F745C324570CBFB951078B2AC76DBA9F1F1F2BC407E7CE595C7EBCE575F0998ED9C7E807465CF40523DE64F4676A5CA31E465F3196EDFE125EDF1186483C1F254C11952430695693975CA77E5477934039020A4839F6B57B2641F1AB6F121782C1FB888F46D02C354571724BC995E4889134F3444AF224E9927CA94B62C64F4A9634CA35EEE13AC7AD1B7DC4E80F46FFB0B40F8FC4E5F3D159FA9E73436031CEC394FB98A5302E0A4900732B47400129C7BE46CF24F3241A2428DE49706E1A2BCB4CBF8F9324BE94EC4872EC738EA48891EC489E51F5E446DB88074B355448F7B3AF3D49008E080F7C939820243F8B6A708C6288CD4E56444001A968300A86C2F214C9FE9C682018FC608F27609217BFBF784FC44B42E33E925B1CCEDA1098DFC41D243FDA403C28E394DB0502F086FDF7A2DEBBC2106138C6AE9B04F623A080ECC7BA364F4934D2F2D474698AAFD7F2B55A123B82C16F3248FA24AF257D61B68150B1D6CF37B0BE108DE143F108103336C6E1D3511F6E8807B391387493C07E041490FD58D7E0E9A5088284F3BF2879A731158D387D2031B14CF2D6C3E1C09A3CF50F2BFD63CD3E7F5A6636C392D94ACD0FD90CB3423ACE37BE283509EC464001D90D753147F94CE39B1105A2311D77448344C47B0C923ACB235175B58D5907C2919E9211257CE17735278336044BBACE2C04635F93C02E04A6896417A73AD99C40128D7F84A773338D3FC6354403C1C0589E8A53AB6F08078688D038B31B96ACD8D79613C84543415ECE73C316FA6B5A01E9634C49224934FE1D5D4AA2C16F2AE2F0898DD90582C1CB574463ABA48360F07E859200F08370E09F636D1D026956B74E6BB622811904149019B00A56452092BD1471F0DE00FB6DEC93A479299D44E3E938776A4BB30D660024F35375D63A873031EB48EDE113D14ACB2DE9BCE572022C49D28A6CA1A0ED4A4001D915F74DCE7862472092F11E83DF6760EFBDD022428170F0BE81A4CEF1855B165D46E4100EBE614543F85B6BD6417BDA9304E09D6678FCAAFDC9AB1E496063020AC8C68057683E3D615EDB14491BD12071F3D48F705C7BEF927A2433C42325349E88F14FB9A45DEF3D4FE0C7D9251E34B2437725B03D0105647BC64B3DBC100DF0233EFE6341923189024324B0B43C44B266A641896850376EDD6543349821212238242E048C7D6D1B0230CF67A03C386CE3C956257086800272064C45A7110F7EC4C77F2C48524630304402434C481E5889B04964CC3C926F6224AE746CB90D81FC771FFC0D6CE3C55625F0000105E401385EBA48806F0025F140C0108F3D673E1703ECB402A20DFBD43D667C69DF5202BB1150407643DD9D231218BF2CA7638807B322C5031AF76CF513893B0D33FB803FFB9A047625A080EC8ABB1B678A4799A1E41D13333ECA1481B38F44C27277020AC8EEC89B7738150F97ADF61B52661E2C5F258FB077F6916858EE4EA00501D91D8A0ECF1220816154E0BF78378141621F63E631150F970CF761AF973304149033603C7D8F00098CD9071778EAFD58EC5046E1B63181D7A2FD241E3047B8158F80E25696800252967F2BDE118F94C088D917E650D8C798F13D7BE70AF1D897FD9D630B099C22A0809CA2E2B99C80E291D3D8779FDFD3A459DF7FC2B5E21110DCEA21A080D43316354632150FBEF1C3D7466B8CB5B79898F1A5FF538CBE7D363E5CB60A086EF5105040361D8BA61BE7E99724963A41F2E25C3AB6DC8E00DC11EFE4819987C29D685856434001A96628AA0A8404963FFDB2F6CE8BDBAA82EC34187EE3A178743AB8BD754B01E96D44D7E94F9EC0689127604A6D5B0253F160D6E7CCE346E6DEB63D0105647BC6AD79982E53F1DE8344D65A3F5A8C17E14644881DE6CEFA20A1554B4001A976688A0446F29A2E5D4D05A548600338CDFF3B7CC5638001EFA18B0A480FA3B85E1FF8CDC1A3D61E7DBA74F588C3D69FF9CCC3F74D5BD3B6FDD5082820ABA16CBE215E9C63A9233C0563E9D8721B028847E2AE786CC3D8563722A0806C04B6C166F3D90789CCD9C7F68308F3241E8835CC61BFBD673DD44CA099D8149066866AD34079CFC1FB8FE4E4E5D8D92B91E57EC3ED301BCCD3AFCC61CD0B734464180076B47D020A48FB63B8B40724F0122FCEF1CBF20D2F8F2997F6A3A5FB118EC41CD1403C5A8ADF58257024A0801C310CFDC193700E80AFEDE6C76BEF231C2CDD201C69F98673ABF9A9BC21FAFCDDBB18110F97ADEE6058B4474001696FCCD68C98C4FD62D6E0ABB1BFE50FD7102B848327F07075DC58BED95AB48E8E2AF8403C986D3D1DB1C05AF108106EED125040DA1DBB35224FCB28A9AD17D2CECA258913E1C8FD25E178267C6D295AD17C151B0C100F8261E6016B1870AC49A04902F705A4C96E18F40D04987DE4330166016B27347C903431F65398F842389891A4733D977086017D443C9C7940426B9E8002D2FC10DEDC01925A7EF39AC91CB198BEE7C01702359270D06738C3827DFAAF784042EB828002D2C530CEEE04093E5F4E624630BB911337D02EC992E52A1267AA42E2C407E2C17E3ADF7B090378D04FFACDB7AD28393E659E934053041490A6866BB560496CA93112DA92D907A2F1F568ECF5B0A970C4A903EF37108E253E0E0DFE4338304287310C2839D624D0050105A48B619CDD897CF6C18F06E73680682008244844E34B271A2059923459B23971B9EB530834462779E7C1CC837D4D025D11E84A40BA1A99ED3AC3B781F2D61182FCF8DC7E120D5E06231A88504A92F93D08070913F1603FBF36C23E3C1156FA4AFF6141C9B12681AE0828205D0DE7559DC90584A7E3733725C12019A6E5294423BF3FBF97DF35201AD843EDE6F7F4B68F78A4D9180C108FDEFA687F24F0988002F218C5303BF90F075F99F43A8906330C0CC13835CB48B7F164CDCBF1A7E2C473611C4731E486B0C26BD01F090E39E6C3775A0119EB4F0081C052AF794A669F2767661A4934F23A5CCF0D914034986960DC9B5F1F711FF160692FF5DD1F092612965D135040BA1EDEAB3A9744633AD3402830C4026339869946120DAE5DE560804AB978C04936030CBA5D3C1C14903AFE0A4A4541E2CB671B7CE5F613110C22918C190696662B71D92D238000A7431861E9D852025D135040BA1EDE7B9DE3C9F85FF7CE1E0E08C75387C381AFDCFE304AEA45E1768100E28B510D66CC3ED8D724300401056488617EA2933FCF8E52D24338B2D3EE5E49007EB063D64179E56D56AB8A80C1DC4C4001B9195DB3373E1F91F3A49C96A8487E71CAED4602CCDEE029C71B017A5BBB04149076C76E49E4243B9E9E97B4E1BD1290C0E0041490C1FF009677DF1624208151092820A38EBCFD96800424B0908002B210A0B74B4002122845A0B45F05A4F408E85F02129040A30414904607CEB0252001099426A080941E01FD9723A06709486011010564113E6F96800424302E010564DCB1B7E71290800416115820208BFC7AB30424200109344E4001697C000D5F0212904029020A4829F2FA95C00202DE2A811A082820358C82314840021268908002D2E0A019B2042420811A088C292035903706094840028D1350401A1F40C39780042450D83538DC0000031A494441548A8002528ABC7E253026017BDD110105A4A3C1B42B12908004F624A080EC495B5F129080043A22A080343698862B010948A016020A482D23611C129080041A23A080343660862B01099422A0DF290105644AC4630948400212B88A80027215262B4940021290C09480023225E2F156046C570212E88C8002D2D980DA1D094840027B115040F622AD1F09484002A5086CE45701D908ACCD4A400212E89D8002D2FB08DB3F094840021B11504036026BB33D11B02F1290C029020AC8292A9E9380042420818B0414908B88AC200109484002A708EC2120A7FC7A4E02129080041A27A080343E80862F010948A0140105A41479FD4A600F02FA90C0860414900DE1DAB4042420819E0928203D8FAE7D93800424B0210105E441B85E9480042420817304149073643C2F01094840020F1250401EC4E3450948A01401FDD64F4001A97F8C8C5002129040950414902A87C5A024200109D44F4001A97F8C6E8BD0BB242001096C4C4001D918B0CD4B400212E8958002D2EBC8DA2F0948A0148161FC2A20C30CB51D95800424B02E0105645D9EB6260109486018020AC83043DD4E478D54021268838002D2C63819A504242081EA082820D50D8901494002122845609E5F05641E2F6B4B40021290C01D0105E40E84850424200109CC23A080CCE3656D093C44C06B12188A800232D470DB5909484002EB115040D663694B1290800486225095800C45DECE4A400212689C8002D2F8001ABE042420815204149052E4F52B81AA08188C04E6135040E633F30E094840021208020A484070938004242081F9041490F9CC4EDDE13909484002C3115040861B723B2C010948601D020AC83A1C6D450212284540BFC5082820C5D0EB5802129040DB041490B6C7CFE8252001091423A08014435F8B63E390800424701B0105E4366EDE250109486078020AC8F07F02029080044A1168DDAF02D2FA081ABF042420814204149042E0752B010948A075020A48EB233872FCF65D0212284A4001298A5FE712908004DA25A080B43B76462E010948A01481A35F05E488C10F0948400212984B4001994BCCFA12908004247024A0801C31F821817D09E84D023D10F83F000000FFFF144EBA5F0000000649444154030031E217AF1779CA8B0000000049454E44AE426082, '2025-09-22T07:46:01.5616660'::timestamp);
INSERT INTO "ReportSignatures" ("SignatureID", "ReportID", "UserID", "SignedAt") VALUES (16, 4, 2, 0x89504E470D0A1A0A0000000D4948445200000190000000C80806000000C615B7E200001000494441547801EC9DBFAB345719C747515088A010C154D14E2BB51014946867670405BBC4CECE80868816C62E620AADAC44AD4D61FE020D0A0A16112CD44AAD0C24A01041C140F27CEEBBCF65EEECEEDD9DDD9939E7CC7C5EE6B9E7CC99F3E3399F7379BE7B66E6EEFBF6CE7F129080042420810B0828201740B3890424200109749D02E26F81044A11705C09344E4001697C01755F0212904029020A4829F28E2B010948A071020D0B48E3E4755F02129040E3041490C61750F7252001099422A0809422EFB812689880AE4B00020A0814340948400212184D4001198DCC061290800424000105040A4B9BE3494002125801010564058BE814242001099420A08094A0EE9812904029028E3B2101056442987625010948604B0414902DADB67395800424302101056442985BE8CA394A40021248020A4892309580042420815104149051B8AC2C010948A01481FAC65540EA5B133D92800424D0040105A48965D24909484002F5115040EA5B133D9A8780BD4A40021313504026066A7712908004B6424001D9CA4A3B4F094840021313385B40261ED7EE2420010948A071020A48E30BA8FB129080044A1150404A91775C099C4DC08A12A893800252E7BAE89504242081EA092820D52F910E4A400212A893C01604A44EF27A25010948A071020A48E30BA8FB129080044A1150404A91775C096C8180735C35010564D5CBEBE424200109CC474001998FAD3D4B40021258350105A4EAE5D53909484002F5125040EA5D1B3D9380042450350105A4EAE5D1390948A01401C73D4D400139CDC81A12908004247080800272008A451290800424709A8002729A91352E21601B094860F5041490D52FB11394800424300F0105641EAEF62A010948A01481C5C655401643ED4012908004D645400159D77A3A1B094840028B1150401643ED40AD10D04F0948E03C020AC8799CAC25010948400203020AC80088A71290800424701E81E905E4BC71AD2501094840028D1350401A5FC00BDCFFE0056D6C22010948608F8002B28764D5053F8DD9FD2DECD9308FF51170461258948002B228EEE2837D76E7C113BBD444021290C0C50414908BD135D9F0EF3BAFBD8DB503612201095C4E4001E9B1DB40360584A92A2250D02420818B09282017A3B3A1042420816D135040B6B5FEFFE84DD71D480F86D9D2041CBF45020A488BAB76B9CFFD5B583E48BF9CA32D25208120A08004840D1DBFDED05C9DAA0424303301056466C00B757FEE30EC4030EAE72BBDE43509484002A3092820A39135DF200584672058F313720212904019020A4819EEA74625B0F3D7E2BF8A8AAF86FD338C7CDA93718EB18BA02E1645671D2920541ED38EFA9A04243024B0E17305A4AEC527A0231C7CDDC877C33504E2E1483F10463E8DAF24C11014EA62E4A3DAA883F14635B0B20424208124A0802489F2695F382EF1E65C31F055DE4BE8DA460212D823A080EC2159BC80C0CF6E821DC77D83BF1217BFB7B3AF46FAB39D51C6DB55A45134EAE8DFCE1AD570BACAF6240109B44A400129B77208C773313CB79F789E11D9BD83008F307C28AE3C12C62E05433C10118CF3CFC535CA22F190800424B00C01056419CE390AA241C067C781703C931706293B0A4403A33E4232A8E2A904242081EB085CDB5A01B996E0E9F6291A3CE44634B855756CC791BB0D76147389C6A33D97E71AA3378459094860AD045A1510DE462230D7BA2EF8C6CE01C1C0100D7C3EE4EF8B518870BC2D52DACC1DD43F1FE3E4C14E27F3A612908004461168514008B2F9699EFCA809CF543905037FDE8C315234288FD33B07028160F0FC02D1783CAED22E92450E5E095E64A0D50FE20425B071022D0A089FE673D91ECB4C81147120F0A798E11776C895140D6E4DE5738D120FBDFBBB20771F8756CA320948E06C02AD090841BB3FB997FA2733E6191743307800CE5F86E72EA31F94D305048300CD4EA32F1A94659D1269DFD7A5D89D3B4FF8A6E127AC79569446595AD623CDB273C7B19E0424301181820272D10C0816FD8604EAFEF954790213818B20963B8C140CCAFBB781F00161402CB82DC50E03433868CFB5A9FCBAB69F923B367C872B06178438D9BE1E17E19B4639BB39EAA4519696F548FB65D18D870424B01481D6048460DD6733454024A0210A043582513EC3207011C4FAA2C5F81842F199708467187DB1E0B614D7E3527507F3ECCF85F9CEED2463265B827D1A5C29C71FEA3C348123F4834DD0955D484002E710684D40F834DF0FD004A1738306F53002274630BB4F2CE0C7588802BB0B84228DB2DF52A1212358A7BBCC2BF353A4F48DC1154388735791420CFBE158F881F157F6BF8F8B7085751A428DE539E9CFA31EBF07D44D8BA28E7EB0CE7FA7095843025310684D409833018434ED0F9141480860FD20459E7202186291C6A75F8CEBD1F4E620F06004248214B79F72774100232872FDA672A33FFABBB521C33153821B5C61825020C2A4185C31D662B8AB801F065F98C2380599BFB2FF54384139FDA6B11E589E9332366DA99B966B155D784840024B116851400822AFF500F16DB58804010C9120A061E42927E010F4684200C3F8049B812C8318290189FEB94EFDB518F38743CE873966FEDC94F6F04CAE2914C7DAB3ABF8635C8433011FBE1863230A6B631C53F590C0B608B42820ACD027E2C70B61A70EC48260853010BCD2086819C8A873AA9FBBD7DB3B23D8A7D704F4CC9F4A5334FE1B15110FCE23BB77C01041A06FD8B2236057F1F1A80967AE45D643021258138156058480F5E55808040171402430EEA3F36C220359FF3A6DA2C9E68EE1EE034EA7202014B9D320FFAE410358C218F688059C110EC56200CA5309AC9940AB02926B4220232012C830EEA3F37694812C09751DB7F6F28CA00FB33C1FA688450A07C2D3BF4E3BDA2316188C61DFAF635E027313B0FF8A08B42E2015A1ACD215042185000120E81F73945B5458D6CF7ADC7E429C5334E827AF994A40021B26A080AC7BF1FBCF3E108143B3E58D29762988CDF03AB7A530771A43329E4B40029D02B2DE5F02761BB99BE0D6133B896E30DD1FC639E2818844F6F64030D8711C6A735BC98C0424B06D020AC87AD73F771FDC72424CFA33455878D6F1F57EE12ECF4E05A3DDAEC844021290C03E0105649FC91A4AFAB7A3867F348878B0EB20EDCF9537D878A38ADD47BFDCBC0424300981F575A280AC6F4D1186DC7DF0877CC3DD07D7A8D39FF9D371C21B6C917848400212388F8002721EA7966AB1FB4881F8E201C7B99EC5DCA6E221F9F359602A010948E05C020AC8B9A4DAA88770B0C3C05B1E802310E4D3BE92995D7AECE1FAEE7255C952CEC01091E50503766F69BF0807FE1CC6B3A37F454A79241E12D82E0105645D6B4FE0CB19F1203CF3997E323391FE3BCCE71D5D876020063C17EA7F871A2F1820C6695FEABAEEC361D47F6FA48F86794860D3041490F52C3F818D60C78CD8590C771F947F941F3BE37BAA76D9CD25B06287F172CC9C1D05DC86AF32C7A5DBE38DC8FD278C674A2F46FAFDB043021DC51E12582181235352408E8069B098BF224FB7F9449DF94329E2821DBAB6B632C402FB714C0CC1E0F613A2C10EE3635176ECF86B5C402C7833ED9D917F4F18A2FB78A4DF0AF390C0E6092820EBF8152040E62768761FC76695A241FD5F4625D2489A3E9803C6ED3B8C9D05CF2B100A0CB1C0BE16B34430B8FD14D9BD0336B0E30F28110D6E5721167B152D9080041E1050401E7068F927C193FBF7CC812078DFEE8300491DEA7E217ED08E9D0BE2433F6971A9BA03DFFA02C16E229F592010CC036367C1F30A84023B361138F0A2014C100C840376941F6B7361B9CD24B04E020A48FBEB4A5025B8329353F7E5098ED4E15E3EF569477B8484209C4660C6F2FC375199E07CC8684B39E9D0B2FDABD13EF38752DA514E8AFD2EEA231094B18B485F18270582DD44543BEB60DEFCA124B7A4100C5E5D463048118DB33AB1920424709780027297476B67EC1C78008CDF7C9AC6C8DF67D4E15E3E01F4D45B58080CF6E9E810A13964F84039E9D0688B3D1CED498F19EDB8468AF1B6180241D97DBB88E876EF402C30E686582212CC953F94E49614820183BD8616484002E308B42020E366B4ADDA291E044C02E598D9D386004B704DA30FCA48D338FF5174CC277782F2D008C6FD32EAD106EBE7F39CBEF87A9597A24FDE6C8AE4E6F8FFCDCFAEFB5FA4BC628C7F7F89FC0B61F44F5FD9967C1AFDE22B73C85B51E429A71DFE45171E1290C0D4041490A9892ED71F9FA4F9B4CE88044BD24B8C409D46B0CDA04B1EE3FCA9E898F118676804EF7E19F5688391A78F68DEB19B40F0B805F544D7758F853D14C681187C3B32F4F5EE48DF1786087C2452FEE749FAA72FFC60B7433E8D7118833944750F09486029020AC852A4A71D278331BD6600255F8BE11F019E671818CF2E100FFC23D063880682C1AE81BA7C9D0A42401DAD1602FA21817B082820F7C0A9F8124119F708C47C3A275FD2108CDC19E4036F048372FCC24F04835D451AA2A16040479340A3041490F6168EC09B5EF3093EF34BA78803BEF0D6148236DC65B0334234D861201AD4454896F6D3F12420819908282033817DD0EDE43F79E6F18D5DAF04E725033282812104FD5D063EE112BEE013A28660B033A22ED73409486085041490761695E0CD6D211E3CF366D2DCC199F1B0E70251EE32D869E04314DD1CDC824234FABB0CCA6E2EFA43021258370105A49DF5E516517EDAE7CDA4A93D472C10250CA1487B2606625C76181882C1EE02D160B741FDA8E22181BA08E8CDFC041490F9194F3102419A204E5F046DD26B0CB1C887DEEC2EFAB7A4D861709DFE110C763B0806B7A5307CE1F906D735094860C3041490FA171FE120A8E3299FFE2FB945842010F8D9C5A45890A75FFAA7EF34448371102A0483DD8E8291744C2520815B020AC82D8A2A33047E76083887702002E4CFB1DC61A4602016940DDB22180804A2C16D2944E3D9AEEB18AFF39F04242081630414906364EA284FF1C01B6E23911E33C40681A10DA2913B8C61FDBE60E42E83BE693BACEBB904242081A3041490A3688A5F400810051C21D013F8C9639463047D84E2F528E4A137BB8CE12DA9B8D4B19B6087C1EE024BC1A0BCF39F0424501581669C5140EA5C2AC4238580604FA04FC14028D2108C27630ABCDA1BC9ED81D82018080FB7A548111BCA6F2B9991800424700D0105E41A7AF3B4ED8BC7D33104C2D1170CCEA378EFE09B6B110D7618188281F0EC55B440021290C01404149029284ED707413F771EFCA74F3F88AED9651C130D7614291A7C732DED298B66DB3D9CB90424B00C01056419CEE78CC2ADA8EFF42AF21F2AF54EEF64D959706B2B771A8AC61D3C9E4840024B10504096A07C7A8C6F46151E86BF23D2630722C16E239F69F0EAEDB1BA964B400212989DC0BE80CC3EA4030C082004DCAA1A14DF9E221CFDDDC6ED0533129080044A125040CAD1E7B9C6CB313CFF3B5F24770E4483DD06B7A83044E64E054F242001099426A080945B813FC5D0C3E71C7CEF146F5E211A3E100F401B3B9CAE049A22A080D4B15CAF841BFCAD06DF3BF57CE43D24200109544F400129B7443F89A15F0B63D7F148A4BC59158987042420813608AC4A40DA407EEBE553917B7F18BB8E483C24200109B4454001696BBDF45602129040350414906A96424724D032017DDF220105648BABEE9C252001094C4040019900A25D48400212D8220105A48E55D7612FD8B70000041E494441540B09484002CD1150409A5B321D9680042450070105A48E75D00B0948A01401C7BD98800272313A1B4A400212D836010564DBEBEFEC252001095C4C4001B9189D0D1F10F0A70424B055020AC85657DE794B400212B89280027225409B4B4002122845A0F4B80A48E915707C094840028D1250401A5D38DD96800424509A8002527A051CBF1C0147968004AE22A0805C85CFC612908004B64B4001D9EEDA3B73094840025711B84240AE1AD7C61290800424D0380105A4F105D47D09484002A5082820A5C83BAE04AE20605309D4404001A96115F441021290408304149006174D9725200109D440609B025203797D90800424D0380105A4F105D47D09484002A5082820A5C83BAE04B649C059AF888002B2A2C5742A129080049624A0802C49DBB124200109AC888002D2D862EAAE042420815A082820B5AC847E48400212688C8002D2D882E9AE0424508A80E30E09282043229E4B40021290C059041490B33059490212908004860414902111CFE72260BF1290C0CA0828202B5B50A7230109486029020AC852A41D47021290402902338DAB80CC04D66E25200109AC9D8002B2F615767E129080046622A080CC04D66ED744C0B94840028708282087A858260109484002270928202711594102129080040E115842400E8D6B990424200109344E4001697C01755F0212904029020A4829F28E2B8125083886046624A080CC08D7AE25200109AC998002B2E6D5756E129080046624A080DC0BD78B1290800424708C8002728C8CE51290800424702F0105E45E3C5E9480044A1170DCFA092820F5AF911E4A400212A892800252E5B2E89404242081FA092820F5AFD1651EDA4A021290C0CC0414909901DBBD04242081B5125040D6BAB2CE4B021228456033E32A209B596A272A010948605A020AC8B43CED4D021290C0660828209B59EA7626AAA71290401B04149036D6492F2520010954474001A96E497448021290402902E3C65540C6F1B2B60424200109EC0828203B10261290800424308E8002328E97B525701F01AF4960530414904D2DB79395800424301D0105643A96F624010948605304AA12904D9177B2129080041A27A08034BE80BA2F010948A0140105A41479C795405504744602E3092820E399D942021290800482800212103C2420010948603C0105643CB3432D2C93800424B039020AC8E696DC094B40021298868002320D477B9180044A1170DC6204149062E81D5802129040DB041490B6D74FEF252001091423A08014435FCBC0FA21010948E032020AC865DC6C2501094860F3041490CDFF0A084002122845A0F5711590D65750FF252001091422A0801402EFB0129080045A27A080B4BE825BF6DFB94B40024509282045F13BB80424208176092820EDAE9D9E4B4002122845E0665C05E406833F2420010948602C0105642C31EB4B40021290C00D0105E406833F24B02C014793C01A08BC050000FFFF6C8878A600000006494441540300DF0E5EAFA09A21080000000049454E44AE426082, '2025-09-22T07:46:01.5617674'::timestamp);
INSERT INTO "ReportSignatures" ("SignatureID", "ReportID", "UserID", "SignedAt") VALUES (17, 4, 1, 0x89504E470D0A1A0A0000000D494844520000012C000000960806000000645BB5D200001000494441547801ECDDBDAB745D7906F09D74810452582490605204124220658A484C99222445025A888A85AD85A216A2768A828A7F805A888A16DA59082A5A081696DAA928686161616121E8FA9DF7DC8FEBD9CF9E337366F6CCEC8FEB615FEFBDBED7BAAF7BAD6BD6CC9973DE3F1DF22F0C848130B0120622582B0954961906C2C03044B0B20BC24018580D0311ACD584EAF285668430B0760622586B8F60D61F0676C440046B47C18EAB6160ED0C44B0D61EC1AC3F0C4C31B0D1B208D646031BB7C2C0161988606D31AAF1290C6C948108D646031BB7C2C0161988604D45356561200C2C928108D622C3924585813030C540046B8A9594858130B0480622588B0C4B16753B0632D39A188860AD295A596B18D8390311AC9D6F80B8FF6C06FEAEF5E8F1B696870F350B9F69F69B8FF871B37028AFBCDAEB5B301EBCB1F5375733793010C1C24210065E668048148808F160890F109AC2075BD7B736FC47C3EB1B7EDAF0B9477CB859F876B3CAA4A1F26CAB1A7E320C83BE601CE319D71CE6FB7DAB677BA8237605EBB34EE8D3F287401081AF6D8AE53F170AD6F21DCC0AC340C78083E98082430D0E3EF46220ED907FACF525200405DEDEF27FDFF09F0D6C411ED41BF3B3ADBEC7B8ACF2AC3E3D8C03C6FE93360E48571B82070410881EB4A603FF5E370C83354B8334012C104222C7F21BF84B14415A9936D687077C19AB0D7DDF2782755FFE33FBFC0C38580E99C3E6D0397C0E22D461545607D80A881111200AC48248E8FFFFAD52FE5BCD1220565B6845377BCC676EB08E429FB75EF8785B95354B43F9A40C881FFFD81EEAB4C583F9F088A3E2107738FC451B1F7FCA8D8FEB9B095A04ABB19F67950C38500E8B43E300394CE060394C6E10EAB573001D447030A70E2A112000DAAE92903316CDD702DF710084AB78226ED2CAF0E75687532285635CE31FEF201EEACF58CEF12E11ACE31CA5C56B0CDCFBBF0E81C30063617278EAE0395440941C3616F4030753DB7BFBB3A6F97146C8F0F7BEB6707C12B1B2C44CBD18113102F6EED66EF62782353BA5197026066C7E70484AA01C063005D1214C0ECE9430A9D72EB80E03F8851233A245C04AB87CFE2776B3CE1EC19A95CE0C76210325505EA1BDBD80A704CA8170602E9C36DD676280807911F9EEE37862E7F6FB98BDDC44B02EE730235CC6C058A46A93DBFC5EAD1D80BA4145A02EE3FAE4DE173414B737B4FE6C33830FEED95910C19A85C60CF24C064AA4DCA0A0172902E56D9EB717DE6610A9670E9FE60B6240AC675B4E046B362A33D011066C5CE243A0804829F34A4CA408146893B77947C85C78B5B882658A2F3B0B2258B3D098410E3060D312A0FE43734D09D258A466DDD82609EEC68098D7E4BEF95FE98B6D04EB620A5F1D60C72504CA779F7CF6E416056E52282152DEE2B94579CB675347A430B32DD803FDE756DF98D3BD08D69C6CEE732C3F05223EC4097C91D086B57189949B940FCD891421DB274BFBF1DA7EE8BDFD799FB9341DC1BA94C17DF6778B2252DEEAF90A825B1481C2C658A4B4531EEC83012F56E5A91B3454FE621BC1BA98C2DD0C4090880F91728B2252BDF336A6B77C6E52DAF575DB4DC7B33103FD0DCB8BD7B8FEA27C04EB22FA76D1995079AB07639142804D49A47C3695B77C18D92FEC95DEFB593F703770040B0BC114036E49440AC61B517B4245A48895B4B260DF0CF42F686EDCF6D0AC8C44B066A5731383B9D213299B6F4AA86C442205D29B703A4E5CCC80BDE2B3CD1AC85F75A8F46CF6BE82359B1BAB1A48600BC4A187808332162ACDEA5765955726AD5CFA2968D7D7234E5EF9BFB78C0FD04159CBBEF4F869CFD75A89CFA9089536E6D4B787B282CFBAA6E09557390B9536B73C28ABFC54DA1CCA0BD58705E5FA179415F4ED61FDF22CBF589086A974A3625007C3E33FE91E8A2B6F0C18E7954DC17A407BF52C187389C077BFAEAB7C3C10C1EA293E9EB661404BD686823A08ACC039242C545A9D9B8B32B717B011FD54058C07FE42246B8E3EAD8DB99457BF1AA3DAAB2F685369565E3B56DE38ACFCBB5AE63B0DD2CDBCF27CAA957CA0E1930DC4AA9987477A0C6F0FC186256E53C08572162AEDD6260FCA2A3F951E8F5F7D58A83EC60065057DAD11A4F920CD72ACAC34CEA0D22C9E8ABB4A575E5B69ED58F5CAE4D93E6F9E31AA1D0BFA805883FDD3EF2975DADD135EECF8556BF055167E55FE14CB8F31F05710BB3746B086A12709398857265D40968D52F9B21514D686B7F905CB017160A0D2C6A8CF7C94833216F4ADBC345479A5D54BB3EA40BEA0BCA0ACD2AC7C41DE9AC121F89F61FA9F7AEB2768FAF25159619CAF72767AC4E5945A2358113B46F9C6F25DBD34C81F82FAE2B7DA288371DE9863F4EDB4AFBC5817C4C43E536FBFDA9B44CCBCF62E9F6E892F7493F1C73ABAA2C19AAC5339D47ABD80FBA933488FA15DC13EFDE696040B2905E4101516CA6964092C4857B9B6FF36BCF60FE160A3804DA1ADCDC2429555BDBCB47EF0DA48CBFD2F9E7000D2532B7520082CBFA6EA9F5996E63333609F81BD676F8258D9CB0EBE7D3AF39493C339437FD3D5BCBFA5CD6D6F41899134D1016B742E5BD3A17CE007D8777CE9611F3E60A982E5101538C641240082580448B32048AC326F9F405FE3F8F1AA3FD48F9022C218D25EADA4BF380C837A040EED1F0B2DB99907177CC5156EA61CE3737132559FB26532206E044B7CEDEBD7B7653A0F57F9CB9F6D6C7BE923CD3A9BCDBC78DCB68892FDA58D351121B02E7B8BF8F8ED07169417ACDF39ECC1B707DC5AB03850E090C501910107A9806C508E009FE70802E1C18E9F4248171145004238CF1A9BE3651F9C6E9DD96676F5E000B7B83CE4382E6D209BEC509B942F9F01F17306E09FDB72C5BD99B39F3AB3C4C999AC5BD37BBB117FDBD2CE9A3DE4ECD947206DEF817A6B3BFBFC5D43B07AE72C92E07012693D94B905811B1010210E97A36C81E302C069E3B27011018DE42D3F62812BBC3F25543824F8DA6E998FBDF946189C197EBB20B0A7C0BE214ECE97BD5370968D63DC5F8F06FAB39637973D643F69D38AE67D2E15AC72CC220950292F0739478CB4B17862C4A1122007A4D2FA1790A43DCCEBEDBE467B5373571C089518B4EC2B0F8EBD10C02B9529D804030446FC89C89443EA9C3DE7D57EA9332C5FE7D7997491A8F36BDFFC6537D8CDF6CF7305AB776EEC98F5F74E95207186A348E1386741FBE03A0CD8A43E4B3834BAEBBB5879C138B4910FF54DF97A18B00F5C249CC15AB5326751799D612F6A6E54CEB776CEA9336B7F38C7D2FA282764C6D00EECA39BEDA153048B13164B7D8173166CA188E010C7A4B5E354044928EF0331B019A766AF2F7FFE53ABD4AE993C1B65407CED833737FF9C574243A094D5196E550F8FF3DA9F670235758EF535D643A7F61F7DCCD392B7799E122C42C5C912292A6A81255016AAEC362BDDCF2CE77A2A5E3694CD383586D8FD6DABF8DF061BB4993C1B65C03E7847F3ED2B0D6EDAF6841B54CBBE78EC017BC265038E9DE71FB49EBD5811347D5AF1ED9E29C1B2F14BA82C9053448AEADE7C81B7A362B5338997B8786111AF72C486F40DF5F7B482DA902D9967C30CF8C6B95B947DE0BB51FF37F2D59EA8F35C7B42D9A8D92B597BEB5FBB525A005DD16D9263C1B2F9BFDFA6A6C61C2BA75A519E8532E0C5C52B682DCF06ACD8F986FAC75B85B266F26C9401E7D60DC8AF578D5D14FBDA0FCF3DCF848F5819DFB8BF69FFF1D18FDB554BDEE43177E14363C1F27F6BFDF3B60C8BF2AADD927956C240BF3113BB9504EDC2658AF3CFDA1844A5BF01B5A2C17E700B2A91921F9EF18F58796B492C74D3FF5F5AE25A1F0399C79C7C027303DF0A1F1C0BD6EBDA82BED770AD45B5A1F3CCCC804D0979919999D8850EE7603BD0DEFAB9597BEB574B252AFD6DEADC9B10E12016FDB8F697F1ABECB9D6BAC1D8D60FE620467C61E5F904DA41CD63EECF8E05CBC637A8CE6C358E5D2E030F816CCB639BC9B351069C476FFF9D4D07BA77D34F7F4BA808C1257B8168408DEFF2E296766C4CEB031F275983B582F59620491BDBFA8120E9632EE3039105FE104973FB0C9D7DFB58B074D0C8973C0D6CE21AD0A041180803B763C0D973061D742006FDECBF6B193F54F1D35FED5AF6EC877838F36C0D4238EA12636E300F1023EDA11724E5C4485BE0438D475FC0B80409E80D1024301F9883586A5FFD87B160A9D0406383C85B8045995C7E31C842C2C0461970D69C391FA43BFCFDA1FFE5A3CF6E55FFD0D27EA8D2CCB31F63825F8EFE61EB6DBE5EAC5AD1601D8412E800580FA8D31E86F68F6E00912144053A02754B2A51A231A03DB4218E3F538255BD4C6E4093995CB93C58AC7C1006C2C07C0C3857250E84A0FFF517E7D15F7CFDAB36DDAF1ADED2A0AC998787F814F43596B30A84068C0DFD8DC80FDAFEF161843FFE87281A1BDC86800614DC80E80210A05E8C9499B3408CE08FA35F907A4AB0FA614D68D116210DD2480004F5ED930E0361E07406088D1B8EB324DDF7FC52CB100502557F68F1F3AD4C3B67108810E86F1C3720A8BF70D29A0FF5C7057CDCF3D156F0A386FE214E8488F8FC75AB30272803F31468010D00FD5AF3DB3CA70A56BF9A5AA4C57304D4537450CE22547910062E6760FD23380F6338275F6DAE119BF18BFE775B39712961F974CB7BBC15D48750100E70AB2134CE2291912FAB0C9C4B679788F9B33075ABF27BA5EAB5379639168B73046BCA1944701610C30A8000094A41BE30354ECAC2C05219A87DCBDADBF6345B70BBB1F7C7A872EDC67DDED99CAD5B534B3E3C8488E0BCA1E5B4379E39EB7B563E6077DE40DB426B3E480F13FFCCEDE605D2D5C45B3CBF57EABC56D9A2ED5C8235E5241210C80282AB1DD2402004A4D202A4ACDAC586815318B067405BB620DFEF2D69B0CFEC3B90262A6338DCCADC7EA4BDC502631BC3D820CFBA0DD9E760DC82DB8B7495B3CE85B1EACF72EB0F04C44DA73F2BCAAD8355CF9E0ABE593BF46BB606F35897B59C3ADEDDDB5D53B0C6CE21A680304191EF495386647D597588AEB4CD01CAB409E66700BFFDA895677B8841E5C5A7F295EEF3CA0ACA2BED208A71E5A7AC7A50A77D8F5E4CAA9E10803CF89B4E2C9FACD7FCD2F61AD883C4861810974ABBE5C83BD89596D7C77A6A0F97556E2C30FE217CB95510106B69C9178FB18DFBA2E031A1ACDA9AEBB1F8A0E12B8E70C396BF3A5863F9726C9DDADF0987A7BDA5601D5EC53020AF204043FB2738D248AE742B1E04AF2018DA0852A5FBBC72A8F66587C77FE3FC63F122CD78ADF27C863E2DCF673C803448171C1865DA2AD39F05653DB4530FCA91230D95AED8C98B175B65F2638827D421953ED4C69A401BED7BF462A24D5F275F7D2A2D5FE9F17CD66BDDCA2B2D3F17F085F7F12F245B93CF9FD8F15CFA105FE5D604D263F8A567E254225531AB76C62654C0BF2A5F9D5D8A609D4A9C80215C002ADD6F4069D006B46305BEE690165070002B2F5D50073681F140BEAC74411FE943B6AF93AE315850669E1ECA2B6F93837605F5D2D60E7CC34781CF7C0769D0A760E3569D32FD58A8727D40997A6975536975CA0B951FAF4BBDB229A8EB31D566AD65382426F648F9E04B9F75ABABB2B1B507AA8C18575ACCC5BFC6F54BCFF2CAAB8D18E843D459F9AA5BAD5D9B609D4AB48D5F6DA5058B056907AF507916AA8DB40D35D54E9B824DA22D5B73B2F2D5461EE48DC7EA230DE6B1A90A3662A5890B2803ED599006E31D83F983DB86836D280000054B494441543240A0BCD8D42DA96617335FFA14C32A1B5B7D41B9DFEF155FED8D47FC889971ED336DFC2505E3DA3744CA9E91D74FFD26B055C1BA2438027C0CC4A6509B8205E52C48172A6FEC2A93B6D6B2D21722DD17C2801B0F7129D1B12C71272644E5A99813A14FE8F0081FCE132902D58F670CFBCA0BDE5FB4B6C69557DEB2DB7B2258DB8B693CBA3F036E3F502B21206E3C205DE58409DC9CB4274AF52DF4FA1A43B52DAB3F813256899FFE55BF691BC1DA7478E3DC1D18201E6E5735B51B0F6121346E47EAA1048A48B939E943BCAA5F595F1C25506E4F3E9C3796FE6E6BD566373682B59B50C7D11B31D07F11D4EFFE99962881B788C40908943A9F3D11332861FABA8A06A2E48B9D048AF0B5A2979EDD652258BB0B791CBE3203FD2D897811A6BE8C081126F0B6CE674F6E4D50C2F45F6D8D6E53EA5B324F3110C12A2662C3C03C0CFC771BC6EF01FA9D3FE2E466449C085289106102F5AD799E531988609DCA54DA8581D31820567E0FD0EFFCB921F9EC893879CB77DA08697590813D0BD64152521106C2C0321988602D332E5955180803130C44B026484951180803CB642082B5CCB86455333390E1B6C140046B1B718C176160170C44B07611E6381906B6C140046B1B718C176160170C9C2458BB60224E868130B0780622588B0F51161806C2403110C12A2662C34018583C0311ACC587E8C60BCC746160C10C44B0161C9C2C2D0C848197198860BDCC477261200C2C988108D6828393A58581EB32B0BED12358EB8B59561C0676CB40046BB7A18FE361607D0C44B0D617B3AC380CEC968108D6D9A14FC73010066ECD4004EBD68C67BE301006CE662082753675E91806C2C0AD198860DD9AF1CCB74606B2E6853010C15A4820B28C3010068E3310C13ACE515A848130B0100622580B0944961106C2C071066E2158C757911661200C8481131888609D40529A848130B00C062258CB8843561106C2C0090C44B04E20294D4E67202DC3C0351988605D93DD8C1D06C2C0AC0C44B066A53383858130704D062258D764376387812D337007DF225877203D53868130701E0311ACF3784BAF301006EEC04004EB0EA467CA301006CE632082751E6F97F7CA0861200C3C9B8108D6B3294B87301006EEC54004EB5ECC67DE3010069ECD4004EBD994A54318782E03693F170311ACB998CC3861200C5C9D8108D6D529CE0461200CCCC540046B2E26334E180803576760058275750E32411808032B612082B59240659961200C0C43042BBB200C8481D53010C15A4DA876B1D03819069E642082F5243DA90C036160490C44B096148DAC250C8481271988603D494F2AC34018B81603E78C1BC13A87B5F4090361E02E0C44B0EE427B260D0361E01C062258E7B0963E61200CDC858108D65D68BF7CD28C1006F6C840046B8F518FCF6160A50C44B0561AB82C3B0CEC918108D61EA31E9FD7C54056FB828108D60B2A9208036160E90C44B0961EA1AC2F0C8481170C44B05E5091441808034B6760FB82B5F408647D61200C9CCC4004EB64AAD2300C84817B3310C1BA7704327F180803273310C13A99AA345C3E0359E1D61988606D3DC2F12F0C6C888108D686821957C2C0D61988606D3DC2F12F0C6C88814EB036E4555C09036160930C44B03619D6381506B6C940046B9B718D576160930C44B03619D6A34EA5411858250311AC55862D8B0E03FB642082B5CFB8C7EB30B04A062258AB0C5B161D064E67604B2D23585B8A667C09031B672082B5F100C7BD30B0250622585B8A667C09031B6720827524C0A90E036160390C44B096138BAC240C8481230C44B08E1094EA30100696C340046B39B1C84AEECD40E65F3C0311ACC587280B0C0361A01888601513B161200C2C9E8108D6E2439405868130500CFC010000FFFF4919606D000000064944415403004A75F869F8FACBC50000000049454E44AE426082, '2025-09-22T07:46:01.5617940'::timestamp);
INSERT INTO "ReportSignatures" ("SignatureID", "ReportID", "UserID", "SignedAt") VALUES (19, 5, 11, 0x89504E470D0A1A0A0000000D494844520000012C000000960806000000645BB5D200001000494441547801ECDD09BC755F3907F043494A21C41F194A2853324799552865AA4C1199CB5454E6B92252325686CC44A1A8884C91A13247449179284228FDBEE7BDEBFCF77BEE39F79E73DF33ECE1B99FB5CE1AF6DAC3FAEDBB7FFB59CF7AD6B35F79567F85402150080C048122AC81DCA8BACC42A01098CD8AB0EABFA010280406834011D6606ED5955F681DA110183A02455843BF8375FD85C0841028C29AD0CDAEAE16024347A0086BE877B0AEBF105885C048EB8AB0467A63AB5B85C0181128C21AE35DAD3E15022345A0086BA437B6BA55088C118122AC5577B5EA0A8142A097081461F5F2B6D445150285C02A048AB056A15275854021D04B048AB07A795BEAA20E87409D69480814610DE96ED5B516021347A0086BE2FF00D5FD4260480814610DE96ED5B516021347E00A096BE2E855F70B8142E0A00814611D14EE3A592150085C0902455857825EED5B0814020745A008EBA0700FFA6475F185C0D11128C23AFA2DA80B28040A814D1128C2DA14A96A570814024747A008EBE8B7A02EA010E81F027DBDA222ACBEDE99BAAE42A01038854011D62948AAA2102804FA8A4011565FEF4C5DD7D01178EF74404C526157081461ED0AC9CE712A3B49046E925E7F4AE2AF25FE76E22F9EC46F4B5A6147081461ED08C83ACCE41078DDF4F81D13EF9EF80F89CF4DFC8EC45B25AA4F320F6F3AFFAD9F9D205084B51318EB20134100497D4CFA8A9CFE3C2949EA7B92AA4F320F7F9B5FD25592D92FCD66B3DB2756D8110245583B02B20E336A04484D8F4E0F9F91F8FD89867FD74B3A9B5DFAF9CB248F4BFCD1C4AB12DFA71393ADB02B048AB07685641D678C0818CE7D793A462FF5894995935C163E34A52F4BBC46E24725FE74E25B2792AE9254D825024558BB44B38E3526043E369D31E44346C99E0AF749CD75136F99F8B0C41B2422AC3B26FDA3C40A7B40A0086B0FA0D621078D0085F923D283C724BE766237909A485AAF94CA87243E2111A1991D7CCFE47F2CB1C21E11382E61EDB16375E842E00208201E52D5672CEDFB82943F28916E8A92FD2EC93F3F919D15F2A2BB4AB1C2BE1128C2DA37C275FC212080781015B384EEF592983E35156F9CF8B38914ED867FDF9DFCD312AF9958E1800814611D10EC3A552F1130FC63866028D8BD4092D467A7E23B138577C80FE5FB4724BD5BE2C725BE2CB1C2011128C23A20D8D33E55EF7AFF91B9A23F485C1EFED153DD39F574556CAA5E25F96F49FCDDC47F4E446C8F4F5AE1080814611D01F43AE55111309BC75481DE89F941BB98BF4EE62B12E9A9D854253B3314FCD3640C0B495BB621B154553806024558C740BDCE792C043E24277E76A299BD248BF0ADC9DD2811912599076D9F3ACFCD666F9794EE2A498563225084754CF4EBDC8742E0DA3911098951E71B25DF82E11FA9E9335B45D2574DFCAA446D7F27E9BB24FE716285CD11D85BCB22ACBD41BB38B075669F909219A8E725FDFFC47F4FFCF5440A5F3354C956D8130224A57FCBB11F9AD80DF74E015921AD64E7E136F9FD89C4CF4BFCF844E60BFF98B4424F1028C2DAEF8DF8C61CDEFA33D3E06C7CDAD28E574FFDBB2752F89AA142662956D82102AF956321239212A929C519F2F98664D84E3D3C69377C520A4C15DE24A9194186A3C956E813024558FBB91B861DEC7A3E37876F2495ECDA80CCCC5895B4B516A28D3798D5F3A2F897ECF15E8902A99665FACD52B86FE272B0A0D94BE38BB3E16D1329DA9354E81B024558FBB92366A04C7FAF3BFAFF668315FE4916C18C15FB9E454565B642E00DD29A2EEA5F937A5124998767E597D2DCDA3F6609292E02F24266EF979AF74DFC9A44E52415FA884011D66EEFCA2D72B867261AEE25590453E6ACA6D9F6D09B5C2B5BDE2C916EEB0F93B6A0FC56AD50E9C608DC362D1975B297B22039C5D93FE5C70BC0F08EF49AE222DC30B99F4F7C70E2D72522B45F4E5AA1E7081461EDEE06F191F4A41C0E692559047A140466253FEB69E5B6F17B93F99CC416109959A956AEF46C040CF9E89D7E2ECDDAD09B14C53CC1D0EE8753BF1CEE918ABF4FBC69A221F80392D26D25A9D077048AB07673873E2D876109EDCD9DEC223038245191B0547A40DE22190F97BCF48353EE86FFEA162ABF120138D3533D255BCDEC2599871FC8EF3B273200FDBBA4DDC0F3C20353F1A8440A77FA2C6497E2F1429D793B048AB0B6C36BB9F5ABA5E227137D68E0FA49053A1092949928EBD0ACF2374B48096F46F03969C4BC415EDA95B0E8B5480B6952610D022458C33F7A2A0A76CD9E981FF57C58C134C5CBC23BA564C8C754C1B21B260DFF99BA0A0343A008EBE237ECA3B32B82B953D216FE2A191E28E9AA4850BF92329F4974536729E1D36C1E0C11D968CD0BF5731902242492111DE19B9F6C2145F1B1CED68A05FB49F52279FDE4BC4C7E3329E34F52555B7693AA0A4343A0086BFB3B667D195723861F8626ED08DEE016D4229CAF4F25098A53B764370AA431BA978D1A4FA811298A64E4CB349F75D26FB3AC0F4ADE04C50F2625D526B92C30FAA458A774771F785978D1652DAA303804064D584740FB3D724E4AF3DB256DC15BFEAB53F02515C33944650A3D556B8387ECDB3B5B5F9A3C7D57920A1D04F89FFA9994499EFE57BD0CD853B173BB5FEA5711D0EBA49E5D15CBF6EF4BFEFD139F9E58610408F8271841370ED2058A75921573847642C30C0FC7E7A7C2EC134F00C9AE0CF45A94C1AF99AD8631A48364E7A17C80CF61B8ECE72B537A71E207260ABF901F2F0A2F03D2568AA702A9CA0BC3FFF5DB642BB385FF485A612408B8B123E9CADEBAC1D480AD0E5D88377E3B11CB68DFA6F30051BEB7FA6EFA67297C732292A2D732E42315585F48C7954DF3F0C8F96FFD408082DC729A2F514864086A3887ACACBF4CD5A980D418EB7E72B658B84CBFC8BC21C50A6342A008EBFCBB493232FC682D29D62DE1606C48D9DBEA5B4A0A434E6F990A260C660191548A8BD0252B36408C4A171B279A61E2C1E4C00C60C3951D150BF6C7CE66B3FF5B830B5DD60F9D6C239521AE9362256343A0086BFD1DB54099FE84B5B4562FCF0F5D8A87895E843168AA16C12A7FA60CCC1890DCBAF568A42B0F66DBF1D1C920AD24930DD652222AC36A122DC34E8B9161FFDF6B50313BCB829DF46528C830D7ACEC9AE6553D06048AB0D6DF45F655CDA8D3AC9459416E474C8D77252447A030FF70990D225D581B5A5A3ED255BE6FB0FBA89A206FC361C36B9214A359C69D374E2F1179925381529DE2DDFDB1ACC93A40B381A71A56C5F81028C25A7D4F9F9C6A52549219B2E2FCCDD4BA876979C84191CE2441DBF322A263F0D8DA317864CBD5CA534A998098612549E937C35A52EBFD535867D4C9E093DE90E4E52541B29A2A7E8169AC617DBF8AB02EC786DF243AA80F38A966A468CD19853B85F93D4FEA5BC2B5AEFA563E2FE5FF8A9F26ED2CD7F9229989457655485FF4FFF792F41F2E9630AD32FECCE679F8F1FC9AC0208D9172377D4964B70A6341C03FCC58FAB28B7E7808CC463916EB684B3D28D9915293046C13BF2B3FDC9924D92890D84815ADB1E125D26AE529A4244C33A770A013A4F763D8E985B0CEFCE06B038CA1A2213762FB82949727315255610A0814615D7D977F2459C3BE24B35FCD0FE2621F651DA08F1630564CF53C9805A4289E1736F8B979DA58A89B641E189F4E6966D00406E35A36523C7A72AE77D72081841058B2A7023FECBF975A4344C4668501624B5585A9225084359B595E63B86196C9FF8199408A5C120049C03A40F52D1ABA98056CE54D5204D5DA5110FB08672BEF38EDDDE1DE30576418D786BF665E0DB9CF226C922EA9EABAD9F75D1319DABE20698589233075C242566C78BCE9FD2BD0ABD053FD4F0A7C7F2B27BB0814EC5DF2596C5893615B44AA301BA6090B6DB38D53190ABE5B3AADAF0C3929D80DE9EE903AAE78929C0A8C46992AB80766097960E013FF54C3AA98260253272C53E35CE3BAFBC8C990D0ACA032372452D1DB9D044697A5BC49A45C379CA4B769ED0D2DB795CEDABE434AAF938BF51D3FD264B2B3DFCACF2D13D70DE9BC3828D4B5637785B8E80CAD1DCC6E150A814B084C95B0E854982EDCEA120C338EDCE8542C42E6BAC4143B7B1F9B3D4014BD670D61B4EB464B71984274C90AE14DC5E6CAFACA7B0510433AD6E73C83AEFB6232477C6607E1634D26B2F23DC0EC5EE11C0426B779AA84E581A24771C35958B396E6A284CE8ABFA4AEEF2A52972522DA6E1A7DCC8034D5DA337FD886F0DA7E434B2D453284239DFA16A0550170A08F5AEE0BDDD4DFA4925D9A35825C1A23AF5455280456233045C2A21BE1640F22F45116CEB238B7D40361F97A8D6DA2E1DB3644735576320CA4AB49761E5863F38F352F8CF8C7C263C4C345B1D9556B29392F5CEE322F1524D8DFC8067A2D5E15E810DD8354552804D6233035C2628AC0240122D6FA79C89A55B5211CC2B24D2415B5B6CAE745FBD2C37467155F989D28EFC76E8D8DD8D9A5F10A4A2F487A32C190EE2FC26B2467B6904B1E43E6BBA74C9245E8C9562804CE47604A84655DA0CF40418504C00BA5651ECA744DA2BC489FB2A951A887CE4CA36123D2B2BF480F633ADEC3AC3CC6681694AD14F2A1FFFBF474D2F0BA6B04CAF50E3D96212249CA02677A42CEF5D2BC4221B0390253212C4B391087652186211620773D2418BE6C8A1A1305917EC6CCA2E10D857D174BD219E5B121E7A6C71D5A3B8B951135DD133242CE2615D8AFB5BEC08891283D15973C26320C99DBF64A0B81AD10E83E645BED38A0C6A6CC919587C5C3C4C667D90D0969A8EB6F0911B19F123D60DCED22268A79431D9193B9AE440512261116E56E2A9DD96788919E8FBEAAD959996D7D6CA7235C499BCC80114FA1243113119D26952D04B647600A8485707C9C145971A6C7D27A192964C4BABA5B6F8828D249D16F19FA75B72FE7E9620C8D968FB3DC6EE8652485C82DB16100CABE8A5E4ABF3E2C3F867AC84B1D853A29EBE8DE3F735D154680C0D8098BFD14877A2FCBBDA21416935D192C1D61C9BE72E3399548CAC36988744ED3416FE665D5D7810C897F3F3D31DB6A68ED735A3EAC4147C868D4F0D08406124FB30A85C06E10183361995E7FC0094C74493E11C508F4A4EA54420FC392DD700771D94723337C8637B6B7B26DACB8E9AAD81E1906DA36E6789B748E744A0F8898CD04D20DB25E57EF7F89470A4A77C3C034AF5008EC1601FF64BB3D623F8EC6AF95618BA9746BD3187F767554675DA51944C465913397C7BE926346D1521B75CA5286A77455EBBC0D9C758EA16DBB6D2E985EEF46492D1467AAF188E4CD8C72BAC7058C8907D8A5BA4221B01F043622ACFD9C7AAF47F57D40CB4228C9795E600FB58B1392AC76719C211D83398821EFEBE5A21F9F68C86792825E904FAF5BA78EFB9724150A81FD223046C2F2E6A72CF779286BD8CCE8ED17C5F11EDD8483E11E5F541626D359C1966F2B44C5154F2D501EEFFDEF5DCFC6465814BDACD3AD5D935F365FE8DD0DE8F1051916FB1E63BB443A414341E621BE19E885D0B6555A081C04813111D6ED83186539CB6A6608354C09205B874B3B3C268945CB66FF929D3153604B75DF14BC0C925428040E8FC058088BB5352B6BD6D766EECE325F383CCAC33923FFEA1621F365EFAA2DBB313B68E68F6F7B75150B81A3213006C2225199C1A2673133C838F468800EF4C46CC8780665086A01338B7DA4FFF6E94F5F86D55E46ECBB724915A68AC01808CB94C8F82100000C5B4944415483C565096B6A56D51EB6A9DECF6DFB6D5282633D46A07CAFDBDF5797B9DCE1D942F998D130DF4A8517E722F8CEE2C78CF7572E975355E1CA1018DEDE43272CC33F6F5D7A15EBD99AAB98E1DD89C35DF10D722AB831F960A6414F45BA4AF53CB0A7523F2F1CE9C735F197F5C49CDF4CE5F592B6E0EB45FCE25B4E65C6B2D5573A0104864C58DEB2DC99F8600489807FAB09DCB20B7791CB1CCE0819D2C2CD811E981F0A7624C0A2DF32A66393D537E59AE8CB58D227BB3658DB490560E6726DA3DA302E04864A588C41BD65DD0DB359BE23285FF13402D6532223DF5DA43C37E4F381077EED6F92E6ED9363DAF9EA75AA0E1EAC28B06A80A9041DE4B5D65C817E2C6FE2077E0AAB0D96FB3DC9F21009CBF2104A7637CCD29007C91C3EF6FA8C3C2970A943F7031FE59FCA155B526426909B68FED39B7B1CF5A4AF343968A0E067EFE53A2D9CE689B47B0116AD3304B61C0AA94957ADDBE410906EAB86885DF446981F1A6159236879083DCC9FE47E9014E86292AD1004E0C1FA9C24C2D50D89851F2A84C54ABD0DF7B8726E4A7543C5569F431C2458E663E8C7F3030999B4B7EAC4867B16ADEB4FDB6E9910D24272AD4E6A586B88D867D242CEAEB5E20511181A6159124242E03981678052B2CF665CBD78E879F67C64FE0F2CF4E6579DA5FFCD53E6E9F3F9495BF0D0DCFBA480AC0E295999896425CFEBABA19FEB3BB994CB126E694854F7BBACF6EA02D26A047575EDA51C9DDCBAE35E6A719C5FBA43F7497A9C2B18C159874458F456F709E6242A3347A6B9539C6CA08F32ECB356120991420CABB8BBE148EF5141E62589DDC035B487469D7D0F45566CA80C4329D3F97777FE75D1EC1FBBB075DB5BBD358C3E82BBDC074486F0F4AFB5BDD2B4F6EF090243212CCB427860009BE18C61A1FCD4A2E97D431E3A3C0F2A4F0A4F0E087450DC12DF2BF9750A68FA2ABEABD2646609933597F2FB8CAEF529390109CFF9AE917C0BAB7C933D2C1BAD594CB2715827251A12C38224BEF1C1F6D890F710875FD56FF5153740600884C5619C07F49AE90F5D8BF56CC94E2A9038B81E66E0C94F3AC9820E889F2A112E6CD1D681C2040086B66B4B2293DF57E4238BB29C4E096174898A94C51FFCB5974ECE1B8435A04BD51B159116125E6E4C198F30496DC89C212A0974B9DD21CA2460E7712F0CE3E52B6E89C01008CB10C65BF779E91B296153477C693EE840AAA4B3634089A8981F7047FCA5E9158F097C51594A93E299C143EB81D5C84343612DBFEB78FD1CD0FD712E84D4FD986C36CD2CF1B95D32FA758BA4DDC086CEA440B76EDB3C226E1E6697F74512A43786A8CFC9466A05FF4FBE93C8921EB12AB794B23FCD7616E042DA6C07546EF94AB740E01084B5C5E59C6AEA8307DE8C3650225B982B3FE678C774EE71891E207EE619503E3D65A42D92AC52DC38F006DA1A1B96218756DE454AF2B5F0DC371E4971C8A17B5C928F550816513F291BD87A5D27690B965291C82C116A7517491116773877CBCE6647939C1910A79952FA5064A2DC52B65DCA671E608B8DA4C76EF3F2CCDA45638B7C9F098BF1E0D3D217FFDC94ED4F4D7EAC817D91A1AE373FFD1C69C34C288941FF3DF024976DFB6FE8D7DEE688C343BDED3156B5E77ADAB706CD78211C521BA94F5B521C2355DF6534D3E71A10AE6DBEFFC8B5B4BCC8CEEA0EC998E14CB293C0368FD98BFEF28C7AD183EAD745F75DDE0F263082FF955ED7F2B12755EE3361D1D5202D335F0F19E15D4144D641529EFF45FAF7E044E199F9F18667024062384B3795A66B0349C7705A035219E290BF9248C2E3D3DDCC24C3531FEC68C7433E880AF95A8FB88A2C9049579F651280D4D58EB1CB547F91A6195344E14322E2264A6F338CBB9E85668A6172C47599E1DC655F2773ACBE1296A18B7FB667E44E5832926434E12EE9890797C901EF03CC135E94BA8727923E7CE70F195C898D19434CC49243CE037DD73C73C11FD7455FE67EF8DCBC1749F75086B0C8EBAEDDCAA53C02F699B056CDBB461BEEB7BA7DA46CD210850F8988DC1129BB5ECA7AFF6BCAE20D730108575DB215FA86401F09CB1086CD8E87C222DD5D8AE6C7C29F6D90BE503C232BA4E55A9E9D1F469C66AEA43E1D96AA2B0E8ED3743086D31739A0AF049106AC3D643AC160B77B1CC3572626374DE59D1329B393AC0D16A98BAD016577CB1F3A2571D123916E4953CAA2490DC3B7435F4F9D6F4304FA465877CA757F612291F91E49BDD5930C2E784B1BD6F93E9F07DB3A372E5DBCE1E97DE831BCE1CD9691AC0CB176D549D21945BDE33D373FDB0EA739424444ACD10D29491D39CC227881703FEDDA59AB3BC762E3191964F0D06CD79E453E9D5D8A150A81CD11E81361212BC67E742FA40D6FBFCD7B72FC9666BA3C8414C87452A6C6D94BB9324A67337E5C398B24176F78DB76196F9C8335E90D31907E52B532B00522859919139188193C7652F027E17677644EC2C4C2E7BD0C0BB94FEE6EDF247FFF34724DF74C5A61E8081CE1FAFB42581E186485B4CC3ED1891C018EAD4FC92797A52686436C8F28CE0DA51C88ED1493022462964F9E7465DBBE22FF5696C138BE1946693732E2A4D321F591EA984EB03D122D9C6627D56DDFF2EE07F245CACF6A959516028746A02F846526B091159D8229FD4363B1C9F9589C939CE8A248527C7259CC4B07657F0F3E452E372914CCA42AA460DBBEA39940FA3FE731E4EC4AA86623B99761F50D676DCE8B96B5203DC35B3A2A7D3E6F9FDA5E08EC1581631356B3C2A6CFF190D171F489AC0CDF1845922A4825A426BA29BA2892942112F72D3ED6C0E688148228CCFAEDF5C6AD38B8253AAA194D1A72328834C473DD6623D93BD97E567C6936724FC3832B3FF9CC2A4A091D502AF40381631396E51B745666A13C64C742C57A45D7C16687B5F613722116ECD2D330F84348A99A07520A32304D6F88C47D8B76F38D1BFFECB6215DD4CD4E0E8948494766E1D60DF134352BC636C88BC2309C6EC9FA3E7DD3C7976B54B110E81302C7262CCB28E0B13C65AE6E5FD110C7034A32424C2FCC894CB7B324F7C150C32ABECD7936CDA619434356F61E6C9220E98314623FDBFB10CDDCB9CE762D24D7965F4EB922D60F7647C8D88B82644B49BFDCB6CA8540AF10383661D10301C48C15C986542015ADF66739CDF29B32D9143A322195D9874444592F6D65A96868C658123119A2312B60888964CCE099FAA79F414C57D96129922E4819CEC93B265F5C1EEC7DCCEC2D9DFA424556D91CF7311D58750013025C252329E6157DEDC7AA6BAFBA426081C0B1090B01B58B91371C918A8889029BBD0FDB2C4AE54664F43224224A6E692B4B45F64FEC8F10134B72869B2C9C579193F373B76C584AFAA02CB77C8424C51E69D915AFF67D8C8899E4A40F88894ECD8CA13C5F59BC771A06F6F1DA477E4DD5BD5D21706CC2F2A6371CF420AD5A7BB6AB7E3A8EA530165323336E5B48582431337CF43F94D6A40F8A75ED87184958FA004FD7CF0342CB2B572C04068DC0B1090B7866E04801D60ED21BC993ACE88CDAE7BBB8BCD54EFBB3A2219F65294C0F109263F9320B5B28EBEB0C21D922314530034642A3A03EEB98B5AD1028047A82401F08AB0B852F1093080C6FE88C6E9D8D8636EC9F908FBC54A430466AA232C23324B25097C53942722C7AB243D942E5722B140285C0BE10E81B61ADE8E7A2AAD9672121D1943C5213950D295B9BC54E9529040A81F1203024C21A0FEAD59342A010B8100245581782AD762A040A8163205084750CD4EB9CEB10A8FA42E04C048AB0CE84A736160285409F1028C2EAD3DDA86B29040A81331128C23A139EDA58081402FB42E022C72DC2BA086AB54F2150081C058122ACA3C05E272D040A818B2050847511D46A9F42A010380A0245584781FDCA4F5A472804A6884011D614EF7AF5B910182802455803BD7175D985C0141128C29AE25DAF3E0F0B81BADA050245580B282A530814027D47A008ABEF77A8AEAF102804160814612DA0A84C215008F41D81F11356DFEF405D5F2150086C8C4011D6C65055C342A0103836024558C7BE0375FE42A010D8188122AC8DA1AA86FD47A0AE70EC0814618DFD0E57FF0A811121508435A29B595D2904C68E4011D6D8EF70F5AF101811021DC21A51AFAA2B854021304A048AB046795BAB5385C0381128C21AE77DAD5E1502A344A0086B94B7F5DC4E55834260900814610DF2B6D5451702D344A0086B9AF7BD7A5D080C128122AC41DEB6BAE842607304C6D4B2086B4C77B3FA52088C1C8122AC91DFE0EA5E213026048AB0C67437AB2F85C0C81128C23AE706D7E642A010E80F024558FDB9177525854021700E024558E700549B0B8142A03F081461F5E75ED4951C1B813A7FEF1128C2EAFD2DAA0B2C040A818640115643A2D242A010E83D024558BDBF457581854021D0107805000000FFFF5C07F02800000006494441540300F3013569B52CA35A0000000049454E44AE426082, '2025-09-29T00:09:37.3003284'::timestamp);
INSERT INTO "ReportSignatures" ("SignatureID", "ReportID", "UserID", "SignedAt") VALUES (20, 5, 12, 0x89504E470D0A1A0A0000000D4948445200000190000000C80806000000C615B7E200001000494441547801EC9D09D87D413DC72F4A45A8A4459BF645DA43B4E8515A4929D2AEA20DA14DE58984F628A9472AA4B26B9142914AFB428BA4555A255AD022C5F7737BE77DCF7BDE79DF7BEF7BCFB9E79C7B3FFF67E6CE72E6CCCCF9CCFB9FDF9999DFCCF9D299FF24200109484002A720A0003905346F918004242081D94C01E25F8104862260B91298380105C8C41BD0EA4B400212188A80026428F2962B01094860E204262C40264EDEEA4B40021298380105C8C41BD0EA4B400212188A80026428F2962B810913B0EA12808002040A5A094840021258998002646564DE2001094840021050804061D3D6F2242001096C010105C81634A28F200109486008020A9021A85BA60424301401CBED908002A443986625010948609708284076A9B57D56094840021D12508074087317B2F2192520010914020A9042425702129080045622A00059099789252001090C45607CE52A40C6D726D648021290C02408284026D14C5652021290C0F8082840C6D726D6A81F02E62A0109744C4001D23150B393800424B02B041420BBD2D23EA7042420818E092C2D403A2ED7EC242001094860E2041420136F40AB2F0109486028020A90A1C85BAE0496266042098C938002649CED62AD242001098C9E800264F44D6405252001098C93C02E08907192B75612908004264E400132F106B4FA129080048622A000198ABCE54A601708F88C5B4D4001B2D5CDEBC349400212E88F8002A43FB6E62C01094860AB09284046DDBC564E021290C078092840C6DB36D64C021290C0A809284046DD3C564E0212188A80E52E26A00059CCC81412908004245021A000A940314A0212908004161350802C66648AD310F01E094860EB092840B6BE897D4009484002FD105080F4C3D55C252001090C456063E52A403686DA82242001096C170105C876B5A74F2301094860630414201B436D415321603D252081E508284096E3642A094840021268115080B48018948004242081E508742F40962B77ACA9BE63AC15B35E12908004C646400172D022CF8AF7C5B1B87134129080042470120105C8019DCBED79CFBDE7EA48606A04ACAF04364A40017280FBF57BDEABC5FD86588D04242001099C4040017200E7FD075E7D1290800424B0888002E480D0150FBCB33BCCFC270109484002271250801CE079C981579F04242001092C22A000A9133A6F3DDA580948A01F02E63A45020A907AABDDB41E6DAC042420010914020A90426236BBD48177F675F1FF48AC4602129080048E21A000390073B103EFDC7783F9EF347EACA5042420818D1350801C203FE38177EE631432F7F8230109484002470928400E98BCE6C03BF75D7AFEEB8F042420819308ECF03505C841E3BFFBC03BF77D657EB171341290800424D026A0003920F2C103EFDC77A6FC5E305623010948400215020A900328FF74E0DDF7B517D6F72FE8E98AC0CEE7C35A1B9F11F8AA9D272180C91150801C34D9DB0EBCFB3E0F55DC47A1A763029CFAFCB0E4F9F6583E23F0C9B86F894598C4D14860FC041420076DF489783F12DB34976D06F44BA0030208889F4C3E1F8EBD5FECD9628BF9C678EE1EAB91C04608AC5B8802E480E0FFC5FBE6D8A6394F33A05F026B12F8CDDCCF68E331718F33B7C8855BC56A24307A020A90C34DC4144233E602CD807E09AC4980D147338BBF49E04F62DBE6A7DA1186253046020A90C3ADF2BAC3C1D9F95BE1E38257CE85EF8A7D642C6F99BC45C6BB35E63279929F8B6D778089DA61B3FAA373C61A42E3DAB9B5D8EF8BFF49B14DC3DFD3259B11FA253046020A90C3ADF286C3C119F3D35F323BFCEFAA09DE3AF6D762DF13CBD41782E72FE2BF772CDF12612E3BDE51992204A81F96B9F687A486BF1B8BD0C332BD82CBB3E1FE63AE7D34F61F627F3696EB3CEF9FC7CF22701CCD0A04FE3E69111C08116C827303CFB9A7F1F39D0DBF5E098C928002E470B3BC35C17F8F2D06E141C7F90789607D84CE931DEB4F4F980EB8A6A5F5CFB9F6EAD831986F4B2510724D218060C022247E26D76F198B40C132C2C0E5D9703960F26B73BD6DAE9708168199CB473025A85983C0C72AF79EAB126794044645604001322A0E5F91DADC2BF6C1B1088D38737386FC224098926A6A64BD3EF1AF8C65EA817BEE143FF7612F1CFF0B628734B74BE1ACE7BC3C2E42AE260472696D833611A313F8AC9DD90E67D01C8DEC30061F7D6A047655807C791AEAC763E9603F15F7BF631F15FBA0D873C4D60C1B0D1F910B4C415C252E6FF77789CBDAC053E38EC13082603AEDB7539993A6D11825FD5BD260187111C6123E8D6584C6F4D669EE1DE21E381D57EE49D78EBBA78BF87F6D65B24E7BB4B23228817E08EC8A00394BF07D4FEC63637963FE6C5CFC0801AE2558359F4F2CEB1DBCC1339D83DEFE58DF16597FA113670136D53E649822797862107E8C90B04C9130623A67E20963B98EE55A09B3988B361A696F96B4F08B73C4D0F18E792442FDF8C60B2F0270E2A5817D3F4C4B32CD572CD798E23BF2803D47B4FF2F322AEEAD483396401704DA7FB45DE439963C2E928AFC4AEC3B6219653C272EA38E93E6ECFF2E691E175B0C1DEF3313F88FD8B19A4BA462ACC9A00116EF21F38709DD30F6BCB13F1D8BF03BE9CD96EB584627A4C3CF4EE9F7E75ECCB3F2C3541EA39B5F8DBF6D1889B4E3860E2334100AD85F4F65E015674607CD3122F899E62B9630C2067793B6D4A59489102F7E5D098C92C0360910FE03B2F8CBDB231DE0BB42FC9EB1279D67C509BC8C44787BBF68D25E2996B590FF8D8B610D0477AC968E0ECD314649CD3AB246F3FD89C0B21EC3882BC1CE0CCA060863F26F67FACBED8881C28C2E79014068C069513598422A421375DB45E9BD2E819D27307501C26882358897A525998E40B308ED21A6651275C47C3C31CF8B65A316DFFB4068FC44C28F8E4598C499213CDE8B27F643B147CD386278DBE7ADBA7DE4FC33523DF6A430FA88B757F3E9E48E36569C7D8310DE0F6CD883A060A485A61CEB5BA8619F5405EACEDF0F232A4E1D28D376A8DB9E745F1FD79EDDCAF43F5B618312181D81290A10461A770D49B48C988F474BEAEA09D7CCFF24F2A5B10F8DBD78ECD963BF3B96B7E4DAE189B93437742C78280B774C962999F7A542B5F50616F56F936B7D4EB9D12923A4115E7F9AB2E878E3EC9BDFDAF76DCEC3F4135C7E2945D2D6ECD589B76A38B69FA9394619BC44A045C788AA9A788391ACC9348BF374DE260DFDA324307601C24E701685EF137ABC29A261C448E38909F3D618E788611AE209894550D0B15C2BFE07C4BE337659C3141869BF2C3F2C1EC719DC2030109A4CC9C0A559211680794ED48A9BF15DFB99127C6E32659A90B7FD780F19549B596B3A14D963801128828C11285CAE5629EB7389FBE35804057F33E78B1F4501DEF8199126380AC369BCCD8AFC5733A07F9F809E1111189300A143623A89A919D62FD08EE14D1BA181FA2C230D84490D1F9A354CD93027CF34C43D9288A9AAD34E415176B2988D690D843D177480D4AB69997E436180915633BE2B3F4298B52504034A09D73826633A68D61DFA1CFD50348294A94A04002350FE6EDA029574FC3DA040C09BFCCD13C10BC818461AA94AD5F062D4BC70A36640BF04C648600C0284E99017060E6F924C2DD141D02126EA44C3288191C635930A155B84079D46826B9B32EAA0F339F3DAB9AD9701CFC74EF2F6DB35AC50B1450160BD128EDECD34150BF3B409A31B3A6CD4A0DB29DF98084677F0A2834EB073C3BE1CFE2678B140B0E322D06E724C49BC6C305DC9DF431F0A04C7143B8A68A66899961B4565ACC4F6131852805C3178990A41085C27FE65CCD392E8FEB14C41A0E6C84883E98B44756A581C2E19B2E9B0F837EDF276CD2645F6A194B279D367248222002AB6257E29F78444281EB0B64407CD741FAAC1945FBB856942F6955C2117597388D3B9A16CEAC246475C8448AD10141EDE940B3F148B2063AF0EF54F705286B599668561DC0C2FF2F37F09168CB25E9BC44CEFC5D148A03F024309103A048EB166F471D2463E9E9CFF48749A088DDB2782AFB8B1081A6F6F868EA864CE7E81E2DFB4CBEE7834C54AB97412BCE9D34994B8755C9404EE980C186930A2636D898EBA29B07279DFC09D8E9A6942B49DF62F74E0A12E944DFB3E39F95127C2F11E31D495F51EEA8210BB7C520CB1789F623B336DE6ABBC1CBC22B5E0FF1223E678679C94D01EB112AF9540A704362D40E8009986A063606EBDF630EC61A0A3C2D241D059D16912AEA5EF23EE338D4C51EB6D0437E2650A0921DB5CF3A183A4B35FB702374E0674D24C1BB276F4948479DB8F5335B407A30D463D0871EA514D78CA48CA4658B006C0333382E06CB17676A8E5961709469F689C5197312D84B7EBDC471841CBFF1D0EB48409FF9F14167D90EE3CCFEDCB70D30284CEA24911A1C04EEFBF4EE4AB62F9121B6F4F7454583A88446FDCA07D550A6DFA4B5CDF2ECA0408D9520E1C10A625BCC885339D4C49C7A63FF646D0D9A07A4B27CDB42173E6254DDB653D895106ED81DBD5A8A7948352044203E1417D4B3C2E2AADFC6DB0508E361D020355ED4DBF4850974DD933B50A2A61D8F0DC1CAD4FFBC18C75298E804769A175DB3C88D047236E1EF047027D11D8B40041F79E8E818561F60F202458ACE5DB07BC45F16D8ABE9E75957C3FB197F80B71D9CD1C6763060E74AEA540348D58A82EE1452EA33C3A653A193A1C2CBBED4FDA1BD1CCF37712284A098C3C12ECD4B04F05BE748ABC4D37337F5102F78DE5B814FE36F87B419B8E29AB446FAD81435B6D97BF0184056D899F36590600CA1508FDAE05FE32659B66C7086C5A80B0C3978E81856F8E8E182BEEF2B124F89C71C395A4836D16C9B4CD2AEAC8BCB136EF5FD64F39B40D47C133B5B5EC7DCBA6E34819A6A810505FDDB80901893204A38CEB269E33BD58F78AF790D996006B368C0E11A0CD5105CFDD7E46044B3BEEB8301A67B41FCA15C7A5315E029D12A083EC34C32DC9AC706104C2418C9B7A2C3A8CE6D4151A6A4C25AD523E6FED8CF2B8EFA48E98B77D4618A8BBA2344087C67DAB94B56C5AB4E738D4B2F96C4CB3DC391930DAE039B76194C1A8FA7BF34C7F14CB1412A3574680EC676284819F033B191DAE32AA4876550333DA118D46F6BCF4D57ED5C28D9440E92825719800FFD189E13C228408FE4D58460F0891521642A0F89775CB280FC18002026FA508154ECF651D8475A6F2B6CFDAC669CA58B62EA4630AE6B678F62C9FFEA53E4CB3B080BF173D69070DA8E7E7091829726231DF39FFD6845186883363A363FBCC32E257B14CEF72540BDC4ABB9676A4CD57C9CBB412588DC031A91520753065DAAAEF5DD5EDD27FBE11C19452176F94E4C162340BE9DF92FCE98878738DB77773B79480508C333728035C3F3EEA1367F28667439B8D75A71B74FC341C8AC9C8B05804FF03530623374696B46B821A090C47400152675FB8B4CF27AAA7EE26F69B924D5928E510C8A97710EC6B68EE9267B4B18A2659708CD6A0E840FB30BA429BEDB41565D4829200C79620DCF9801979E1B26116BF5602A325503ACAD15670A08A95BD1FCC5B6FAA0AAC4794B2383A840EAA84A7E8A259D73C92E625537C88569DD9A8C73A0EE78E717865EBF27E907509D4A5193D5C7B369BB1C39F2356384B0C21CA3414D7101CA8292348F85B2B2AE3B894B59FA11E098C918002A4DE2AE5F8924DAD7FA0A1D49C02794CBD5A938A650DA654980D6F685F95F05464E2DC9500001000494441545DA615D1243BEE904D76C733AD853659393B8C17014E0A66EF0D0762328DC734D45419586F09EC135080ECA338E4296B041F3814DB5FA0A9BA8BF64EF9846C7F25F69B33230F16924B299CE755FC5374197570943E02A0567F141458DB6177FC69475A6D6DBF76B856AE71121894C01404C81080985EA0DCCFF2B301DB9C0EF9CB0D94D7771174A6CD32A62C40506F66D4C1512ECD6742C102418F46D9837201EDB2381A09EC0E010548BDAD997F469577130729A2B6CBB447A9095A52C53F55B7FDF6CC144E99169CCA3331EAE0B87AF66B34EBCC9414EB1828095C2017D028EBE23C2E361726BB7DD30EEF5FD02381B1105080D45B82054D4621EC03A9A7E82E9685D4921BBBB2FBD8055EF2DF948B9A69B32C3E37CBC903AC0D34E3C7EA472D9751C7E51A1564BF0CDA57ECAB611DA371A9136FFB6FAD1DEEA4909533F106099C4040015287F3B9BDE8E2EE057B77D8C1DC7B211B2880B7F4F6F72DD854C7F41CAAAF63FFE8517344C89AD4D787194A011CF819AF460212808002040A476D59FB684FC51C4DB97E4C73AA822993F5731C470E3F9A6A1475E878F70D9D3307FD314AB96562CBDE9778476358D7400872440827DEB2C3BCEFCAF1E1AC6619ED70F39A7E098C828002A4DE0C4C5FD5AFAC14BB54E2A606165FD65BEAA60924E2480FD608703F5DA9EF8512C77A4F3950900E9BDDF2E514805C1ECC7034085355B89BAA0402B559563BDCBCA65F02A320A000A937C339F6A2FB5E443F6BCA61D3589C19533EEFC2B345F6C379969BEDD945A32B34D138769E5DF8AC03B1F07EF3DCBBEE1952C942230109F441400152A75A368AD5A660EA779C2E961DC9650A6B954F989EAEB4E1EEE2E3477C5D91DDE9AC832CAAC9259280857716AE5168E06DFCF189634413676B0DAAC13C5C71F16B4F49C0DBFA27A000A9332E2AA7BC0DD75374137B994636A7DD80D6C862D45ECE77E2CB93D74B2D99BEE2BB157F1BFF3286F47C33E45F9298692576B5DF33FECBC76E938111CF535CFC5A098C968002A4DE3465DAA46F2D2CF61AD46BB0DDB10802BE9C778D3C261F9762BD0181C0F9519C33C5276D73A96A101AAC1B71AE14C284CE96510D8BF68C5CAA374D24B2FCBD157722D5B69ABB4A4001526FF92240FA5E4C6F4E5BD179D66B3344ECE6CA64BF030BE88F4B919C1FC55A086B43080A36EC3D3AF1EC8FF94CDC9AE16F98FD251C27C2DA091B40599CE7C34E5CABDD33D638D485A95B71F16B25305A0253FB0FB629904513A8A8F3F655EEB73732F680BD068C78D14863C31E47C2F3D542F691DC3AF10814F666202812AC1AD483D1FE6274F2E6A4607FCDDDE3F6AD1491223412D81D020A907A5B172E2CE0D65374135B0E6DEC26B7EDCE0561FECC3C220285BD19678E9F33B718B930259660D5207C38D89123F23F9A141C8AF8FB71F91AE335E3162DB8783512180581C954A2749493A9F0862ACA140A45D169E16AC7470005070E3064ED84457634E758536194F2D054F7AF62DB6B2967491C8722B2AB9C34282EA069F71B89FF81D8ABC732D289338829A3D0E20E52090B95C0B20414207552850B5320F514DDC4F215BA6E723217DA0AAD2E46290F080EBE14C88BC005E367911E01C1D7FFD8B898A843E6CE09FD5EECCB625119465B8CE9B3AB26BC49C37A10E51517BF5602A325503ACAD15670A08AF1564AD1ED3758E2BAB41C30487E761850E8C8B6B2795FC22CD27338225FFF43759A937459B07FE4DE35844FBC73F335F945E0DC3EEE6B623F16CBE23C0205EDAF3E35BDCA9EA0E2A6688D04C64B4001526F9BA27DC534493DC5FAB19C09553A0A8E8F5F3F47735896001BF5D07ABB6F6E4058A075C726473E18453CA3905C9A1BA6B4101A0814F69F204C58C0E73B212CCCA3ED8550BAE43CF57A3FE585A5B8EBE5E6DD12E8998002A40EB8A88CF6C9A7D94935FDF51A19DB2701D6BA98B6626F0923930BA7B0F3C7320D76FFB87F168BD089B36FF84E080BF3687BA166FCB65CE100444E1B2E1621437EE495CB0B0DD36D242A2E7EAD04464BE0680739DAAA6EB462650A8B37CDBE0A2EA30FF26FFA096B8727F081548185F887C5BD712CD35EE78EFBC3B10F8E65DF091B19F92A618273C3196A8C2C8B45C83C275798467B455CBE33F263718F33452BEF24ADB2E3EE355E021B27A000A9232F2390B21FA49E6ABDD8E6BA872390F5586EEAEE8FA4A027C732B2E0E4608E7BE77C2E2C536177C9352CEB25ACBB601335377C8CEA0EF1A176CC8B0979B45F1CCAA9C5688B25A94602E326A000A9B70F53115C292311FC5DDBA6AAA602A46BBA9BCD8F5108C2E2492916CB0E7A040A964F16B3539E510B23962224189DBC27E91995C4991BD662F0F8FF120ADAD113F00FB5DE4465F19C739AEA29BA8DED73A4D36D4DCD6D55026C5E7C516E62C4C188854D8D0813A6B5123D2BA39259FE9511497113A591C078092840EA6D5346209BDAA5DC3CD2A45E2363B785C00BF220081316CA39AE3EC119EB226879E15FD7DE2B19B088CF71F8ACC924A891403F04B64A807488E8DDC9EB53B17D1E6572B1E4DF34A88236C3FAB79F00873E96A7FC85E289DB9CDE4C706983607A5452B388CF07B96E10BF4602BD115080D4D13217CDC17BBC25D653AC1FFBCE64D1560D4D94668708B006521EB7A9EADB54B028D74F7279F960D4C1BA4A339D53A34D1AFA3B27A000A923655F005750DDC4EDC3F29FBE39C5C088A78F72CC73BC0458545FB776A819B30F855147332FBEB7C2C27E33AE47BF59EF22010548BDD53FB9175DDCBD60A7CEB95AB9A989D502B2C3C16F5EE2D95937411DF87E95B42CD2F3C547FFA62A708CEA8E8002A4CE92FF985C29479AE0EFDBA28DD37719E63F1E021C5FD35C03A16665FFD14947995C3909D901CF7E92780F19BE9372F1C4B016124723817E092840EA7C59FFE04A9F5A584C2F94936129EB17F9D1EE0C01F688F0E1ABF2C0088DB213BDC4B55DA6AB5E9748CEE08A73C8A0D1C57752585B3B74C18004FA22A000A99365F357FD4AB7B17C8FA2E4C8674C3931B63D975DAEEB6E07818BE631D83CC81127F1EE1B8EA2E7235944B48F326117FB6B73A1365D95E8193BDFF9C6C9CC7F12D8240105489D76D940B8E88DB07EF7F2B1774B52E6ABE3CCCD2DF2FBF858543A59648F57B3250450DBE678783EB1DB9EAE6454F1F03C6779712982245133A6AB3847EB2A045A16757304073BDF5B970C2E4DC084A726A000A9A32BDA577DAAD9F23129D438F90A1E1A33A5267C31EF810970AC3873E47C20E922096BA64780750E5E0A1859BE23D5E70355ED73AED0A0BA69AEF1B710676EF81B601DE33109D5A6AB123DE3A359D78B87A9AB381A096C9E8002A4CEBC08908FD72F7712CBC883232BF80E05EABCED8E00A1C11CF90FA6B477C5D209D1A9F0468A8B65B731535E1C199E2433F2215CDE64177DA382EBD4817BB5DD118029EDF3D26449BB2144E23D62987AE2A45FCED2620DA499803D1D7C9FA41987FF8DF941B9834FF2BADE11189AE1082840EAEC8B00E96B044227CFDB63299D292BA6226E9B0816D7E31C317442742ABC91E262D96DCC0632E6D3D11CE30816C2E5A3477CA382375BAED56CF33AF771DA2CBBEF3F91D2F95A225A419F8BBF76EF5EDCACED7E21E9B98F0E910D719CF9F4A1C4B1DEC3DC3F1D2BF57E6EE2289338C2D433519336ECFCE62B87AC57D03E57A83C0D2F03A8D8A2C6CDD45351B565BA148153B9651EC50B065F54ACE5394FE08F04364D400152277EF6BDE8B2A1702FD89943E7523243609437C9A72712ED1C5431EF1D3F6F9B715636A5FEDCC8DB30EE228B5063E4C22E7CD680E8E0CE949BCE10BB8AE1ED98FBD0643B6B6E6487F579E25E3396B97F9E9D91139D21651247987AE226D9A40C6AB508C237A4D6CF8FA5DDCE19B76D1000374C246B214C592230123C64EE94D07B639B86292E46ABF74CE4F3623512180D010548BD294AA7C99B743DC57AB1749C2587A7144FC345A03C3A61DE36E990996AA2C37D42E2382E3CCEDC7066121D0CE71FD1C9F026FFAA5C795A2C6184136FB8C512CEA5192EF93085522CE9597379C66C36A31CBECEC7E880CFB8F2D53D46104DCB17FC1E92B4DCB7C85E6B2F1DCFC06230DFCCC0721FE5531ECF409D9274D40681C8289091148BE22C80D39E9CB4DBAE38EDC8B3DD24171861729062BCC71AD223487989800D795E36A9298B515CBC1A091C1018DAA700A9B740F966C3E7EB97D78A652AAA6440C7CEA8A3848F73DF9E0BBC7DDE232E1D2F42054B674C07739FC4D3C9DC352E2A9F9CEC4A988EE8C2892B9630F7E1920F5328C592FE56497B9B58CA61FEFD8EF1DF2EF666B174924DCBDACD8312CF7D8B2C5333A4E119107A080A2C71944F793C43B21BA5619481320302962939D6A11849B1285EAB3042FDD6B9C048926763BA2EC1A50D021E365D1C75B274A12694C0AA04142075627CC3812B17E2A743CBF450739A86114387D99B5507049AC2823530D6781865A0CC8052C37145F009DCFBE722C219A18EC049502381ED25A000A9B72D8BCB5C419D12B72B4BC7729DBDCC3E1697E9A6389A9E083002E04D9E350AB4A110062809E0BE78369B3145C768E1E5299FF620BE292C9A6B494972C4B00F8329388406535BEC1467F47024A11112D846020A907AAB1601C21E8D7A8AD3C53605C61393859D4D20F46050677E61F265EA8FA926A6DECAD421A3C05C9A11C7023E1B363902E46CB3C5FF506A606D82F50C8406BBCA9982B31D17B333C516125080D41B9545633E6B7BFD5C5EF4169A244B1954374B425463579D172FF7EA2E26803A6D19E92D4E5D4F812A34A30B04068BD9AC1DA1D4C088068D2A85469D9BB13B44600D01B2D594DE9AA7E3ED153EBC6126B896A1E3E1F8ED92C99BE27975ACA61F02AB7E48899705DA04A180F200A38B4BA56AB43D02C3C5ECC0D048A04D800EB21D67F88B048A7A2D9D086F9F5F8C5DFD9729138E9D403DB3DC8D6653F1EB764F0041D0CE15755A46138FC805F663E047430A61C1BE95CB271E3FEACBB5FB7359230109340928409A340EFB1120ECA44605F6BA872FAD1462F451E6DFB991FD1D8C70F06BFB21807A34421F556584027E8405A3094EB4653F067E84CA2485453FD8CC5502AB1150801CCF0BE1812A2623080EB53BCD5A08828363BA4B291C11C2218925ACDB2F01F69A2820FA656CEE3B4C40017272E3B3318F14A8F3729404FE652D82A7B9E783FB981E6137377EAD042420814913D84D01B25A93A1B2C91DECEEE6E454FCCBD8CB25515313883761A64D12AD91800424307D020A90C56D88CA26964570A69FD83FB0E82E1665594329E93838EFB125A02B010948601B082840966B454621AFDC4BCAE182AC6DEC05AB0E9B042FDDB8C262EDB31B61BD12D855023EF7161150802CDF981CC1CD4884232B381683E3319892AA8D4850FD2D39F35D0DD295B0AE04242081AD20A00059BE19111E2CAA73222B77213838260341C2194AB89C34CBF94A5C2FF646C5A32B010948609B082840566B4D4E67E5C873A6B4F86E46F36E04CA9512C1F94A71E6868F0CBD65EEEBE8C76C242001098C858002E4742DC16884EF66B049EDA92764C171ED7D7DD5F08462BD24010948A07F020A90F518A39ACB6748D9E97CDB64F5C1D862D8C4862D615D094860D204AC7C9B8002A44DE4F461BE2C78BEDC8E30C1728C46821A09484002DB494001B29DEDEA5349400212E89D8002A477C416B04740470212D832020A902D6B501F47021290C0A608284036C89805E2000002AA4944415445DA72242001090C45A0A77215203D81355B09484002DB4E4001B2ED2DECF349400212E8898002A427B066BB4D047C160948A046400152A3629C04242001092C24A0005988C80412908004245023B00901522BD738094840021298380105C8C41BD0EA4B400212188A80026428F2962B814D10B00C09F4484001D2235CB396800424B0CD041420DBDCBA3E9B042420811E0928404E84EB450948400212388E8002E43832C64B40021290C08904142027E2F1A20424301401CB1D3F0105C8F8DBC81A4A40021218250105C8289BC54A49400212183F0105C8F8DBE87435F42E094840023D135080F40CD8EC252001096C2B0105C8B6B6ACCF2501090C456067CA5580EC4C53FBA012908004BA25A000E996A7B949400212D819020A909D69EAE93CA835958004A6414001328D76B296129080044647400132BA26B142129080048622B05AB90A90D578995A0212908004F6082840F640E84840021290C06A041420ABF132B5044E22E03509EC140105C84E35B70F2B010948A03B020A90EE589A93042420819D22302A01B253E47D58094840021327A0009978035A7D09484002431150800C45DE7225302A02564602AB135080ACCECC3B24200109482004142081A0918004242081D5092840566756BBC338094840023B474001B2734DEE034B400212E8868002A41B8EE62201090C45C0720723A000190CBD054B40021298360105C8B4DBCFDA4B400212188C80026430F46329D87A48400212381D0105C8E9B87997042420819D27A000D9F93F01014840024311987AB90A90A9B7A0F59780042430100105C840E02D56021290C0D4092840A6DE82BB5C7F9F5D0212189480026450FC162E01094860BA041420D36D3B6B2E010948602802F3721520730CFE4840021290C0AA041420AB1233BD0424200109CC092840E618FC91C06609589A04B681C0FF030000FFFF61B14FE700000006494441540300F57F72CDA0AB07EF0000000049454E44AE426082, '2025-09-29T00:09:37.3003951'::timestamp);

-- Reset sequences
SELECT setval(pg_get_serial_sequence('"Teams"', 'TeamID'), COALESCE((SELECT MAX("TeamID") FROM "Teams"), 1));
SELECT setval(pg_get_serial_sequence('"Users"', 'UserID'), COALESCE((SELECT MAX("UserID") FROM "Users"), 1));
SELECT setval(pg_get_serial_sequence('"ChecklistTemplates"', 'TemplateID'), COALESCE((SELECT MAX("TemplateID") FROM "ChecklistTemplates"), 1));
SELECT setval(pg_get_serial_sequence('"TemplateItems"', 'ItemID'), COALESCE((SELECT MAX("ItemID") FROM "TemplateItems"), 1));
SELECT setval(pg_get_serial_sequence('"DailyReports"', 'ReportID'), COALESCE((SELECT MAX("ReportID") FROM "DailyReports"), 1));
SELECT setval(pg_get_serial_sequence('"ReportDetails"', 'DetailID'), COALESCE((SELECT MAX("DetailID") FROM "ReportDetails"), 1));
SELECT setval(pg_get_serial_sequence('"ReportSignatures"', 'SignatureID'), COALESCE((SELECT MAX("SignatureID") FROM "ReportSignatures"), 1));
